,Timestamp,Open,High,Low,Close,Volume (BTC),Volume (Currency),Weighted Price
0,2016-03-28 00:00:00,500600,502100,499000,500000,507.1,253982920.83,500855.33
1,2016-03-29 00:00:00,500000,500500,485500,489000,943.14,467301246.2,495473.89
2,2016-03-30 00:00:00,488900,491000,480000,482500,873.16,423639023.92,485178.81
3,2016-03-31 00:00:00,482500,487900,482000,484000,945.63,458614373.62,484982.89
4,2016-04-01 00:00:00,484000,485700,483100,485600,665.88,322343433.84,484086.51
5,2016-04-02 00:00:00,485600,489200,485000,486900,361.13,176033542.41,487455.14
6,2016-04-03 00:00:00,486800,487800,485000,487000,180.61,87830348.54,486303.55
7,2016-04-04 00:00:00,487000,488000,485000,487700,616.44,300319002.97,487182.82
8,2016-04-05 00:00:00,487700,494300,487000,493300,714.12,351442312.22,492135.2
9,2016-04-06 00:00:00,494000,495400,492700,494600,526.76,260244888.72,494052.03
10,2016-04-07 00:00:00,494600,494600,487600,489300,445.29,218571569.39,490852.83
11,2016-04-08 00:00:00,490800,495300,490500,490500,573.61,282731606.52,492896.79
12,2016-04-09 00:00:00,490500,490500,485000,487100,396.63,193177456.27,487045.2
13,2016-04-10 00:00:00,488000,491500,486700,490000,393.22,192319710.55,489091.79
14,2016-04-11 00:00:00,490000,491400,488600,489000,544.11,266515802.54,489822.82
15,2016-04-12 00:00:00,490900,494400,489100,493300,616.19,303750747.68,492947.87
16,2016-04-13 00:00:00,492800,493600,491900,493200,344.57,169735012.82,492603.9
17,2016-04-14 00:00:00,493200,495700,492300,493200,475.64,235048929.98,494169.85
18,2016-04-15 00:00:00,493400,496100,493400,495200,425.57,210501209.85,494628.63
19,2016-04-16 00:00:00,495300,500000,495300,499500,357.28,178186092.6,498723.31
20,2016-04-17 00:00:00,499500,499900,497000,497900,251.74,125567074.02,498802.48
21,2016-04-18 00:00:00,497900,500500,497600,498700,560.22,279811634.83,499466.71
22,2016-04-19 00:00:00,499100,501400,496400,500300,713.28,355724190.98,498713.28
23,2016-04-20 00:00:00,500300,508000,500300,507400,1022.1,513721935.81,502614.91
24,2016-04-21 00:00:00,507400,518800,505600,518800,712.46,363196227.56,509775.71
25,2016-04-22 00:00:00,518900,519000,514100,516900,692.77,357649913.96,516261.27
26,2016-04-23 00:00:00,516900,520000,514700,519900,500.58,259141287.12,517686.23
27,2016-04-24 00:00:00,519900,528500,517600,528400,514.65,269309971.33,523292.51
28,2016-04-25 00:00:00,528200,534900,526800,532000,1445.05,764210105.34,528848.35
29,2016-04-26 00:00:00,532800,535900,531200,535900,888.32,474113816.11,533719.02
30,2016-04-27 00:00:00,535600,537900,515100,515500,1359.48,721937761.64,531041.45
31,2016-04-28 00:00:00,515500,520000,505100,516300,1118.68,571547002.78,510913.26
32,2016-04-29 00:00:00,516300,522400,511700,522400,893.71,461235760.02,516088.81
33,2016-04-30 00:00:00,522000,524400,515600,516100,568.59,296470542.79,521413.97
34,2016-05-01 00:00:00,516100,520900,515000,518600,338.76,175278345.07,517407.97
35,2016-05-02 00:00:00,519200,520300,510000,515000,994.99,512656133.68,515237.37
36,2016-05-03 00:00:00,515000,518500,510000,518500,1012.28,520081751.03,513774.51
37,2016-05-04 00:00:00,518000,521000,516700,519400,778.06,404055132.46,519308.94
38,2016-05-05 00:00:00,519800,521300,517100,518900,561.78,291690632.36,519229.22
39,2016-05-06 00:00:00,519400,530000,518200,529400,736.09,384229757.91,521987.0
40,2016-05-07 00:00:00,529000,529800,525600,528000,374.18,197626260.67,528160.4
41,2016-05-08 00:00:00,528000,528000,525600,526700,423.86,223475955.84,527244.14
42,2016-05-09 00:00:00,526700,535000,526700,532900,1068.07,564179953.39,528223.51
43,2016-05-10 00:00:00,533000,539900,521000,528000,1381.22,735710504.01,532653.95
44,2016-05-11 00:00:00,528000,531400,527500,529100,686.15,362986440.09,529018.6
45,2016-05-12 00:00:00,528000,529400,523600,529300,863.72,454775494.66,526529.47
46,2016-05-13 00:00:00,529400,532300,528500,531600,624.98,331236888.86,529997.63
47,2016-05-14 00:00:00,531000,533400,530600,531600,343.12,182642177.31,532305.57
48,2016-05-15 00:00:00,531700,534000,530600,533600,271.85,144727834.84,532384.62
49,2016-05-16 00:00:00,533900,537000,531600,535400,988.44,528416339.26,534597.49
50,2016-05-17 00:00:00,533200,535300,531200,532500,1179.05,627337448.82,532068.62
51,2016-05-18 00:00:00,532500,537000,532000,536000,936.8,500831985.49,534621.79
52,2016-05-19 00:00:00,536000,537100,524600,524600,1065.53,569310681.1,534299.01
53,2016-05-20 00:00:00,524500,532600,523700,530500,1107.4,586487763.91,529608.99
54,2016-05-21 00:00:00,530500,531200,527100,528400,660.51,349519380.57,529163.0
55,2016-05-22 00:00:00,527800,529000,525000,526300,235.84,124434503.76,527630.92
56,2016-05-23 00:00:00,527100,529400,525000,529400,672.41,354471489.37,527166.26
57,2016-05-24 00:00:00,529000,534900,529000,532000,716.84,380830172.15,531265.5
58,2016-05-25 00:00:00,532000,536000,532000,534200,445.81,238339772.05,534627.17
59,2016-05-26 00:00:00,534900,539000,534000,538400,648.75,347695137.87,535949.48
60,2016-05-27 00:00:00,538400,580900,537900,577500,2108.06,1187207336.19,563176.39
61,2016-05-28 00:00:00,577500,688500,577500,680000,1753.31,1099526718.86,627115.58
62,2016-05-29 00:00:00,680000,697500,626000,655600,1856.17,1232930438.64,664232.52
63,2016-05-30 00:00:00,659000,677000,658500,669700,1438.93,962006472.62,668558.52
64,2016-05-31 00:00:00,669600,674000,620000,649500,1663.1,1101063750.33,662056.18
65,2016-06-01 00:00:00,650000,659500,639200,651000,1280.04,828458555.64,647213.22
66,2016-06-02 00:00:00,650000,655900,641500,646000,679.72,440363494.23,647859.14
67,2016-06-03 00:00:00,646000,677000,642900,668000,1124.34,740401481.05,658519.55
68,2016-06-04 00:00:00,668000,697500,667000,679200,1048.94,713082682.52,679815.72
69,2016-06-05 00:00:00,677900,687500,672700,677500,442.09,300718640.61,680223.36
70,2016-06-06 00:00:00,679500,693400,677600,691000,837.01,576179004.68,688375.58
71,2016-06-07 00:00:00,690500,699000,677000,684500,1047.85,723652698.14,690607.97
72,2016-06-08 00:00:00,685000,692500,682000,690000,777.49,533092440.85,685656.4
73,2016-06-09 00:00:00,691500,693000,680500,688600,1008.81,693885417.72,687826.66
74,2016-06-10 00:00:00,688600,694000,686100,693600,1015.53,701058321.79,690336.41
75,2016-06-11 00:00:00,693200,725500,693200,723400,1023.48,715144783.48,698739.25
76,2016-06-12 00:00:00,723400,940000,717500,843500,2269.16,1779795530.67,784340.76
77,2016-06-13 00:00:00,841500,873000,834500,870500,3110.6,2665287165.74,856841.04
78,2016-06-14 00:00:00,870800,879900,831000,858000,2898.16,2499661267.57,862498.71
79,2016-06-15 00:00:00,858400,859000,809900,843100,1979.9,1659239207.02,838040.01
80,2016-06-16 00:00:00,844000,932000,844000,924000,2621.45,2323366165.65,886291.49
81,2016-06-17 00:00:00,924000,950000,864000,912400,4103.1,3750907804.1,914164.27
82,2016-06-18 00:00:00,908000,929500,899900,912700,1849.72,1683596441.93,910187.99
83,2016-06-19 00:00:00,915300,925000,910300,919600,825.36,757051353.43,917232.78
84,2016-06-20 00:00:00,919700,920900,864000,873000,1834.97,1654396152.86,901590.88
85,2016-06-21 00:00:00,874500,874500,740000,785500,3502.04,2869663111.23,819426.58
86,2016-06-22 00:00:00,785500,819800,701100,714000,2973.75,2300417418.96,773574.13
87,2016-06-23 00:00:00,718500,760500,650100,748700,3702.96,2593228266.58,700312.13
88,2016-06-24 00:00:00,744000,863000,736000,799600,3747.78,3010452385.37,803263.25
89,2016-06-25 00:00:00,801000,838000,776000,800900,1482.09,1199661059.04,809439.32
90,2016-06-26 00:00:00,797600,807900,735100,760500,1645.36,1267551818.25,770379.57
91,2016-06-27 00:00:00,760500,789000,739000,781800,1756.39,1346958580.3,766888.71
92,2016-06-28 00:00:00,779500,779500,760600,774300,1330.54,1028279632.72,772827.76
93,2016-06-29 00:00:00,774100,774100,751600,760000,1773.34,1348830909.74,760617.89
94,2016-06-30 00:00:00,760500,793100,755500,790500,1723.61,1329056724.8,771088.92
95,2016-07-01 00:00:00,790500,807900,785500,798600,1449.52,1155482049.95,797145.93
96,2016-07-02 00:00:00,800400,832000,796600,832000,979.12,794991874.59,811942.54
97,2016-07-03 00:00:00,832000,833300,765700,780000,1495.82,1200688574.05,802698.1
98,2016-07-04 00:00:00,780000,807800,774000,807800,1004.55,797624786.46,794013.26
99,2016-07-05 00:00:00,808000,810000,795000,800000,1041.34,834314215.68,801191.67
100,2016-07-06 00:00:00,801400,815000,800500,811800,943.47,763197892.57,808928.31
101,2016-07-07 00:00:00,811500,814500,730100,772100,2225.84,1729772311.24,777132.07
102,2016-07-08 00:00:00,772500,787500,751100,787200,849.26,654689705.77,770894.53
103,2016-07-09 00:00:00,785800,785800,748000,770000,1309.1,1005847670.02,768348.25
104,2016-07-10 00:00:00,770000,774400,760500,771600,616.32,474293069.96,769554.82
105,2016-07-11 00:00:00,772200,776000,765000,765500,609.12,468711455.61,769488.86
106,2016-07-12 00:00:00,766500,787700,760100,773600,863.36,667073329.8,772650.87
107,2016-07-13 00:00:00,775000,783000,768000,768000,684.86,532464265.29,777477.42
108,2016-07-14 00:00:00,769100,778500,765700,766600,877.47,675045870.21,769306.25
109,2016-07-15 00:00:00,766600,775000,766500,772500,643.28,496627443.09,772024.38
110,2016-07-16 00:00:00,772700,774400,768000,771700,426.93,329425944.99,771624.69
111,2016-07-17 00:00:00,772500,785000,771900,784400,717.48,557998910.38,777716.27
112,2016-07-18 00:00:00,784400,789000,776100,783500,1025.38,805287489.72,785351.85
113,2016-07-19 00:00:00,782400,785400,773400,782300,695.88,542920932.19,780195.81
114,2016-07-20 00:00:00,782300,784500,770200,776000,707.73,551049172.14,778620.23
115,2016-07-21 00:00:00,776900,778500,770000,773400,628.4,486556491.22,774282.37
116,2016-07-22 00:00:00,773400,775300,750400,757000,1038.49,797059106.32,767515.5
117,2016-07-23 00:00:00,757000,763000,752600,762500,390.56,296649552.74,759543.65
118,2016-07-24 00:00:00,762300,770000,755100,768500,704.11,536548973.9,762024.32
119,2016-07-25 00:00:00,768500,770000,760000,761500,549.13,420342930.19,765471.37
120,2016-07-26 00:00:00,761500,765000,751600,755500,941.13,711881913.65,756408.05
121,2016-07-27 00:00:00,756000,759900,753300,754900,646.63,488892218.25,756060.27
122,2016-07-28 00:00:00,754800,756300,752500,754000,541.89,408645196.26,754112.53
123,2016-07-29 00:00:00,753500,753500,748000,751200,568.19,426459887.95,750557.02
124,2016-07-30 00:00:00,751000,751200,746500,747500,370.45,277281031.16,748493.37
125,2016-07-31 00:00:00,747600,747600,694200,705500,894.62,649363868.09,725853.32
126,2016-08-01 00:00:00,705600,714500,690000,693000,941.42,662033139.94,703228.45
127,2016-08-02 00:00:00,690000,697900,550000,619900,2039.88,1341886390.36,657825.79
128,2016-08-03 00:00:00,616500,650000,615100,642100,1470.81,927175341.06,630384.62
129,2016-08-04 00:00:00,642200,657500,640000,652000,1033.36,672207007.97,650507.09
130,2016-08-05 00:00:00,653000,655000,646200,649400,436.68,283672539.92,649607.62
131,2016-08-06 00:00:00,649400,667000,640000,663000,772.71,503569309.33,651691.75
132,2016-08-07 00:00:00,665400,678500,663500,676500,439.75,294606297.51,669941.31
133,2016-08-08 00:00:00,675500,677000,670000,672500,438.36,294857962.35,672633.78
134,2016-08-09 00:00:00,672000,673500,666600,669500,620.95,416425256.34,670624.06
135,2016-08-10 00:00:00,669500,678500,665500,674400,652.71,437667374.36,670539.39
136,2016-08-11 00:00:00,672500,678400,669000,669100,536.55,362478820.39,675571.55
137,2016-08-12 00:00:00,669900,675900,660000,668900,541.93,361256869.38,666613.04
138,2016-08-13 00:00:00,667000,671000,664500,667500,371.99,248127467.12,667022.72
139,2016-08-14 00:00:00,667500,670000,650000,655100,429.74,284297678.67,661559.69
140,2016-08-15 00:00:00,658900,658900,642000,647500,424.66,276627423.77,651414.04
141,2016-08-16 00:00:00,646500,658000,640000,651000,683.01,442645373.23,648081.37
142,2016-08-17 00:00:00,651000,658000,645000,650000,796.32,518867926.45,651581.1
143,2016-08-18 00:00:00,649500,654500,645100,650500,409.67,265825938.27,648873.29
144,2016-08-19 00:00:00,651400,654500,648500,651800,634.99,413854480.58,651750.36
145,2016-08-20 00:00:00,651500,661400,650500,660000,533.42,349882503.48,655917.42
146,2016-08-21 00:00:00,659500,661000,656500,656500,287.32,189443388.09,659351.02
147,2016-08-22 00:00:00,656500,667000,656500,666800,808.33,533257369.67,659702.99
148,2016-08-23 00:00:00,665500,668000,660300,661000,725.43,481944180.19,664352.16
149,2016-08-24 00:00:00,660700,663100,656500,657600,530.1,350205908.16,660640.14
150,2016-08-25 00:00:00,658000,659500,650400,652000,776.67,507958732.23,654019.24
151,2016-08-26 00:00:00,651100,656500,651100,654500,541.01,354076060.06,654476.66
152,2016-08-27 00:00:00,655000,655600,642000,643500,521.16,339187364.23,650834.36
153,2016-08-28 00:00:00,644100,651400,643500,651400,283.75,183837757.19,647879.48
154,2016-08-29 00:00:00,651200,657500,648500,650500,577.68,377273655.27,653080.59
155,2016-08-30 00:00:00,650500,657000,648800,652000,618.71,403656023.31,652420.03
156,2016-08-31 00:00:00,650700,653700,646500,647400,570.7,370175775.95,648636.87
157,2016-09-01 00:00:00,647500,651000,644200,647000,591.58,382860475.52,647184.48
158,2016-09-02 00:00:00,647000,649200,643600,646700,422.9,273452703.35,646607.36
159,2016-09-03 00:00:00,648300,680000,647500,676000,985.99,650641608.06,659885.51
160,2016-09-04 00:00:00,678000,690400,670700,686500,1189.02,807587553.43,679206.83
161,2016-09-05 00:00:00,687500,687500,675000,680500,682.09,464836670.87,681486.75
162,2016-09-06 00:00:00,679700,688500,678100,686400,834.28,570042429.39,683273.45
163,2016-09-07 00:00:00,686200,687700,680000,685000,676.74,462679385.08,683685.57
164,2016-09-08 00:00:00,682800,694900,681000,693500,1025.37,705329744.28,687879.96
165,2016-09-09 00:00:00,694400,698500,690300,696300,795.37,552987740.71,695254.91
166,2016-09-10 00:00:00,696300,704900,696300,699100,741.25,519186985.69,700421.63
167,2016-09-11 00:00:00,699100,709000,680000,685000,998.61,694965303.73,695931.72
168,2016-09-12 00:00:00,685000,690000,680600,681700,1085.93,742687102.92,683919.71
169,2016-09-13 00:00:00,681600,699200,680700,692500,911.65,626480674.27,687191.78
170,2016-09-14 00:00:00,692500,694400,690600,694400,470.3,325822800.78,692790.65
171,2016-09-15 00:00:00,693000,694400,690000,690200,285.05,197237851.05,691946.23
172,2016-09-16 00:00:00,690200,694400,689000,691500,456.55,315331171.61,690685.0
173,2016-09-17 00:00:00,690400,692500,687000,691000,372.72,257396683.92,690582.23
174,2016-09-18 00:00:00,690900,700000,688500,696500,528.56,367156249.52,694640.99
175,2016-09-19 00:00:00,697100,697800,690000,691500,806.5,559310559.05,693505.42
176,2016-09-20 00:00:00,692000,694400,687100,687100,1098.97,759235820.13,690862.11
177,2016-09-21 00:00:00,687100,693500,673600,674900,1065.27,724594942.18,680197.89
178,2016-09-22 00:00:00,675000,678700,665500,666100,889.76,595760689.95,669573.54
179,2016-09-23 00:00:00,668300,678700,665600,677500,724.1,486108073.82,671326.75
180,2016-09-24 00:00:00,677500,678300,672600,676500,322.16,217895126.53,676365.38
181,2016-09-25 00:00:00,675700,676500,671500,672000,222.62,150143502.57,674433.33
182,2016-09-26 00:00:00,673000,680000,670200,677500,889.22,599953358.94,674696.59
183,2016-09-27 00:00:00,676500,679500,674000,677500,685.85,464316618.94,676997.1
184,2016-09-28 00:00:00,677500,678500,672000,674000,534.18,360401121.11,674686.46
185,2016-09-29 00:00:00,673500,676000,672000,676000,521.21,351223083.71,673858.23
186,2016-09-30 00:00:00,675000,680500,673500,680500,990.37,670289919.77,676808.58
187,2016-10-01 00:00:00,680500,687500,679500,685000,463.43,316813730.43,683628.26
188,2016-10-02 00:00:00,685000,687000,683500,684500,297.69,203908271.89,684975.6
189,2016-10-03 00:00:00,684500,685000,682500,684000,406.65,278074148.99,683813.21
190,2016-10-04 00:00:00,684000,685000,681000,685000,663.69,453357102.34,683084.98
191,2016-10-05 00:00:00,685000,690500,682500,688500,796.57,546669840.84,686279.17
192,2016-10-06 00:00:00,689500,692000,686500,691500,820.54,565979790.26,689766.44
193,2016-10-07 00:00:00,691500,697500,690000,697000,706.56,490169816.98,693738.77
194,2016-10-08 00:00:00,697000,701000,695000,696000,738.98,515678284.44,697826.95
195,2016-10-09 00:00:00,697000,697000,691500,691500,363.83,252518954.51,694060.32
196,2016-10-10 00:00:00,691500,697500,691500,695500,685.31,476343877.55,695080.93
197,2016-10-11 00:00:00,696500,725500,696000,724000,1459.69,1038629986.75,711541.05
198,2016-10-12 00:00:00,724000,735000,718000,727500,1215.65,882511845.39,725961.3
199,2016-10-13 00:00:00,728000,731500,720500,728500,840.19,611968620.23,728372.46
200,2016-10-14 00:00:00,727000,731500,725500,729000,637.65,464702691.92,728768.83
201,2016-10-15 00:00:00,729500,734500,729000,730000,479.5,351003048.63,732019.85
202,2016-10-16 00:00:00,731500,738000,731500,736000,660.31,485304527.31,734962.65
203,2016-10-17 00:00:00,736000,738500,734000,736500,837.53,616701409.43,736330.78
204,2016-10-18 00:00:00,736500,736500,726500,729000,878.69,643812888.53,732699.74
205,2016-10-19 00:00:00,729000,730500,713000,718000,1162.06,842085214.93,724645.74
206,2016-10-20 00:00:00,718500,721500,714000,720500,907.38,651814892.71,718351.22
207,2016-10-21 00:00:00,721500,726000,720500,725500,646.83,468189171.41,723824.32
208,2016-10-22 00:00:00,726000,754500,724000,754500,950.4,699216305.85,735708.38
209,2016-10-23 00:00:00,754000,760000,745500,752000,838.19,630614824.6,752355.37
210,2016-10-24 00:00:00,752000,753000,744500,752000,956.86,717152973.33,749482.69
211,2016-10-25 00:00:00,751500,770000,751500,761000,1547.31,1173916049.8,758683.6
212,2016-10-26 00:00:00,761500,787500,761500,786500,1491.56,1148008442.63,769672.15
213,2016-10-27 00:00:00,786500,798500,786000,795500,1879.34,1489213436.88,792413.94
214,2016-10-28 00:00:00,795500,798000,787000,794000,1120.94,889004090.91,793086.63
215,2016-10-29 00:00:00,794500,850000,794000,828000,1769.21,1440995254.49,814486.81
216,2016-10-30 00:00:00,828500,828500,794500,812500,1364.5,1112793089.69,815533.24
217,2016-10-31 00:00:00,812000,818500,789000,812000,1548.38,1250093179.33,807355.77
218,2016-11-01 00:00:00,812000,840000,811500,837000,1895.59,1571044163.45,828787.99
219,2016-11-02 00:00:00,837000,854000,833500,854000,1182.76,991951356.26,838673.33
220,2016-11-03 00:00:00,854000,865000,778000,815000,3322.57,2770788677.62,833929.6
221,2016-11-04 00:00:00,814500,820000,789500,812500,2354.94,1897827131.36,805892.36
222,2016-11-05 00:00:00,812500,814000,796500,804000,971.89,782472367.11,805104.0
223,2016-11-06 00:00:00,805500,818500,797000,814500,820.76,665917338.45,811346.09
224,2016-11-07 00:00:00,813000,814500,800500,807000,709.23,572514213.35,807234.57
225,2016-11-08 00:00:00,807000,816000,803000,811500,912.97,738054901.04,808413.03
226,2016-11-09 00:00:00,812500,844500,810000,833000,2617.48,2186312612.18,835274.57
227,2016-11-10 00:00:00,832500,836500,820500,832500,1798.81,1489687218.43,828150.24
228,2016-11-11 00:00:00,832500,839500,832000,837000,1278.54,1068837184.46,835984.65
229,2016-11-12 00:00:00,837500,841000,822000,828000,1379.98,1148480278.94,832242.76
230,2016-11-13 00:00:00,829500,830500,801500,825500,1094.72,894444800.43,817056.18
231,2016-11-14 00:00:00,825500,830000,822500,830000,956.54,790185252.93,826085.3
232,2016-11-15 00:00:00,830000,835000,827500,833500,997.71,830622281.65,832530.78
233,2016-11-16 00:00:00,833500,875500,830500,875500,3069.32,2609390306.44,850153.33
234,2016-11-17 00:00:00,874500,909000,870000,889500,3350.17,2978971108.82,889199.97
235,2016-11-18 00:00:00,889500,908000,885000,907000,1698.0,1524076837.43,897571.59
236,2016-11-19 00:00:00,907000,915000,889000,909500,1325.01,1201696396.62,906931.22
237,2016-11-20 00:00:00,909500,914500,868000,886500,1852.14,1655425004.43,893790.21
238,2016-11-21 00:00:00,885000,891000,876500,889500,1122.9,993377363.42,884656.33
239,2016-11-22 00:00:00,888000,901500,883500,900500,1059.54,942657594.32,889682.48
240,2016-11-23 00:00:00,900500,902000,888000,895000,1407.36,1259938764.27,895247.55
241,2016-11-24 00:00:00,895500,898000,886000,888500,1078.85,961414915.96,891147.88
242,2016-11-25 00:00:00,891000,891000,882000,885500,1202.3,1063926793.46,884912.29
243,2016-11-26 00:00:00,885000,888500,876000,881000,826.21,729400701.12,882830.18
244,2016-11-27 00:00:00,883500,884500,875500,876500,604.38,531248923.74,879004.0
245,2016-11-28 00:00:00,879500,885000,875000,881500,1120.01,986109014.53,880447.72
246,2016-11-29 00:00:00,881000,881500,872500,873000,783.1,686797502.08,877021.8
247,2016-11-30 00:00:00,873000,887000,871500,885500,1144.24,1006055898.12,879238.19
248,2016-12-01 00:00:00,885500,900000,885000,897500,1138.03,1014511511.74,891461.1
249,2016-12-02 00:00:00,898500,918500,898000,914500,1716.41,1564882662.17,911717.27
250,2016-12-03 00:00:00,914500,914500,901000,907000,957.33,869002785.99,907734.46
251,2016-12-04 00:00:00,908000,917000,905000,917000,957.76,871964538.29,910416.33
252,2016-12-05 00:00:00,917000,918500,895000,906000,1725.31,1564854530.0,906997.19
253,2016-12-06 00:00:00,906000,910000,903500,907500,1164.61,1055640081.93,906431.46
254,2016-12-07 00:00:00,907500,909000,903500,906500,1298.69,1177830105.36,906934.93
255,2016-12-08 00:00:00,906500,910000,906000,909000,1010.35,917380203.53,907986.4
256,2016-12-09 00:00:00,909000,917500,908500,916500,1293.48,1180945023.83,913001.39
257,2016-12-10 00:00:00,916500,924000,916000,922000,1171.75,1078346702.57,920285.27
258,2016-12-11 00:00:00,922500,922500,910000,916000,1324.57,1212105952.16,915093.56
259,2016-12-12 00:00:00,915500,929500,914500,929000,1470.82,1357416109.19,922896.98
260,2016-12-13 00:00:00,929000,942500,921500,935500,1794.08,1670336786.81,931025.41
261,2016-12-14 00:00:00,935000,938500,929000,934000,1202.97,1123596463.11,934015.31
262,2016-12-15 00:00:00,934000,937500,931500,935500,1361.46,1272496985.69,934659.14
263,2016-12-16 00:00:00,935500,945000,935000,944500,1263.98,1189008019.39,940684.1
264,2016-12-17 00:00:00,945000,963500,945000,962500,1073.97,1027756049.47,956966.89
265,2016-12-18 00:00:00,962500,970000,959500,966500,1096.78,1057831976.12,964493.04
266,2016-12-19 00:00:00,966500,969000,963000,965000,1295.28,1251507977.06,966207.5
267,2016-12-20 00:00:00,965000,979500,963500,979000,1495.46,1444944192.43,966223.01
268,2016-12-21 00:00:00,979000,1010500,976000,1010500,1992.82,1964791099.11,985935.49
269,2016-12-22 00:00:00,1011000,1081000,1011000,1066500,3874.76,4068797523.63,1050076.06
270,2016-12-23 00:00:00,1066500,1198000,1065000,1166500,4346.77,4928292829.72,1133782.13
271,2016-12-24 00:00:00,1167500,1178500,1119000,1136000,2254.0,2589964900.69,1149054.75
272,2016-12-25 00:00:00,1135500,1139500,1050000,1121500,3208.35,3498674925.76,1090489.89
273,2016-12-26 00:00:00,1118500,1144500,1110500,1126500,2086.99,2343702232.63,1123008.29
274,2016-12-27 00:00:00,1124500,1159000,1116000,1148000,2315.45,2632386721.04,1136878.75
275,2016-12-28 00:00:00,1148000,1199500,1145500,1198000,2807.52,3306745812.45,1177817.54
276,2016-12-29 00:00:00,1198500,1205500,1186500,1202000,2896.5,3465956441.96,1196599.88
277,2016-12-30 00:00:00,1201500,1203000,1173000,1195000,2912.27,3460051423.42,1188096.07
278,2016-12-31 00:00:00,1194500,1197500,1185500,1197000,1407.58,1677768445.44,1191952.16
279,2017-01-01 00:00:00,1197000,1268500,1192500,1254500,1828.12,2234474393.47,1222282.57
280,2017-01-02 00:00:00,1255500,1330000,1255000,1328000,3521.74,4579680717.93,1300401.75
281,2017-01-03 00:00:00,1329000,1410500,1316000,1390500,5773.89,7863773592.7,1361954.39
282,2017-01-04 00:00:00,1390500,1516500,1380500,1516500,4669.88,6658316069.93,1425799.62
283,2017-01-05 00:00:00,1516500,1650000,1120000,1429000,13342.61,19207304148.51,1439545.8
284,2017-01-06 00:00:00,1428000,1540000,1080000,1192000,8082.24,10385760092.95,1285010.26
285,2017-01-07 00:00:00,1194500,1197500,1010500,1146000,7446.99,8201024107.67,1101253.16
286,2017-01-08 00:00:00,1144500,1219500,1119500,1169000,4185.06,4923816597.7,1176521.8
287,2017-01-09 00:00:00,1169000,1177000,1106500,1128000,3301.91,3737609359.48,1131953.14
288,2017-01-10 00:00:00,1125000,1140000,1116500,1121000,2670.61,3003740502.13,1124738.62
289,2017-01-11 00:00:00,1119500,1126500,919000,951500,7119.68,7280717571.45,1022618.0
290,2017-01-12 00:00:00,951500,999500,883000,967500,6816.93,6344154997.76,930646.83
291,2017-01-13 00:00:00,967500,990000,915000,976000,4064.69,3905208949.29,960765.09
292,2017-01-14 00:00:00,979000,997500,974000,981000,2103.75,2076308852.87,986955.51
293,2017-01-15 00:00:00,985000,995000,967000,978000,1427.8,1395019608.25,977041.59
294,2017-01-16 00:00:00,978000,990000,973000,989000,1621.84,1596940659.33,984644.66
295,2017-01-17 00:00:00,989500,1118000,987000,1097000,5403.8,5703245734.17,1055414.41
296,2017-01-18 00:00:00,1097000,1123000,1011000,1066000,5460.99,5851834864.48,1071569.79
297,2017-01-19 00:00:00,1066000,1079000,1055000,1073000,2246.3,2398668236.63,1067828.57
298,2017-01-20 00:00:00,1072000,1075000,1060500,1071500,1638.94,1750072749.06,1067806.23
299,2017-01-21 00:00:00,1071500,1104000,1070000,1097000,2671.62,2915989449.01,1091470.0
300,2017-01-22 00:00:00,1096500,1119000,1070000,1107500,3276.64,3606891496.78,1100791.35
301,2017-01-23 00:00:00,1107500,1108000,1090000,1097500,1523.28,1672329644.1,1097851.07
302,2017-01-24 00:00:00,1097500,1097500,1080000,1081500,2347.57,2558449691.86,1089829.85
303,2017-01-25 00:00:00,1084500,1088000,1075000,1076500,2066.03,2233318606.71,1080968.69
304,2017-01-26 00:00:00,1075500,1095000,1075000,1095000,1510.1,1634199111.67,1082177.26
305,2017-01-27 00:00:00,1094500,1099000,1091000,1094500,766.05,838349306.41,1094380.81
306,2017-01-28 00:00:00,1095000,1098500,1094500,1098000,459.11,503648898.63,1097015.27
307,2017-01-29 00:00:00,1098000,1101000,1097000,1098000,815.56,896594123.07,1099361.82
308,2017-01-30 00:00:00,1098000,1104000,1098000,1098000,960.32,1056381484.24,1100025.74
309,2017-01-31 00:00:00,1099000,1174500,1097500,1168000,3301.75,3713231102.52,1124625.11
310,2017-02-01 00:00:00,1166000,1190000,1159000,1190000,2810.54,3307835632.52,1176941.15
311,2017-02-02 00:00:00,1190000,1217000,1181000,1216500,2258.13,2704486375.86,1197668.05
312,2017-02-03 00:00:00,1216500,1282000,1200000,1240500,4561.77,5658980062.37,1240521.7
313,2017-02-04 00:00:00,1241000,1251000,1215000,1241500,2739.3,3386948924.74,1236427.39
314,2017-02-05 00:00:00,1241500,1245000,1230000,1237000,1297.55,1606441966.85,1238059.24
315,2017-02-06 00:00:00,1237000,1239000,1226000,1228000,1330.34,1641519939.65,1233910.56
316,2017-02-07 00:00:00,1227500,1248000,1227000,1242000,1529.81,1898814936.57,1241213.47
317,2017-02-08 00:00:00,1244500,1269500,1228000,1252000,2593.7,3237243584.7,1248118.22
318,2017-02-09 00:00:00,1249500,1265000,1101000,1215000,5657.04,6758248011.07,1194661.09
319,2017-02-10 00:00:00,1215000,1222000,1105000,1182500,3205.2,3718996845.41,1160299.3
320,2017-02-11 00:00:00,1180500,1210000,1173000,1193000,1644.5,1960514124.89,1192163.99
321,2017-02-12 00:00:00,1194500,1197500,1187000,1194500,769.23,917597044.03,1192873.99
322,2017-02-13 00:00:00,1194500,1200000,1161500,1185000,1678.95,1993286113.84,1187222.16
323,2017-02-14 00:00:00,1183500,1195000,1172000,1185000,1650.29,1951571075.44,1182562.31
324,2017-02-15 00:00:00,1185000,1189000,1180500,1187000,932.38,1105436183.32,1185612.18
325,2017-02-16 00:00:00,1187000,1210000,1184000,1208000,1621.94,1937413979.12,1194505.28
326,2017-02-17 00:00:00,1208000,1246000,1207500,1239000,2063.61,2531156759.6,1226567.75
327,2017-02-18 00:00:00,1239000,1246500,1231000,1235000,987.91,1223974685.71,1238952.17
328,2017-02-19 00:00:00,1235000,1241500,1230500,1237000,957.84,1184549770.11,1236683.06
329,2017-02-20 00:00:00,1237000,1259500,1234500,1258500,1620.73,2013853659.72,1242559.77
330,2017-02-21 00:00:00,1259500,1319500,1250000,1305000,3403.68,4368980005.29,1283603.98
331,2017-02-22 00:00:00,1314500,1320000,1284000,1316000,1930.12,2523179944.64,1307263.56
332,2017-02-23 00:00:00,1316000,1396500,1314000,1385500,3025.75,4068408993.24,1344597.08
333,2017-02-24 00:00:00,1393500,1448500,1321000,1396500,6078.51,8441419046.64,1388730.67
334,2017-02-25 00:00:00,1397500,1400000,1333000,1365000,2250.01,3087075086.77,1372028.18
335,2017-02-26 00:00:00,1368000,1396000,1350500,1383000,1652.76,2263954819.02,1369806.51
336,2017-02-27 00:00:00,1383000,1397500,1378000,1390500,1768.89,2453536982.4,1387052.21
337,2017-02-28 00:00:00,1389000,1400000,1386000,1398000,2426.21,3385183781.03,1395256.58
338,2017-03-01 00:00:00,1398000,1442500,1396500,1442500,2177.38,3076167063.77,1412786.52
339,2017-03-02 00:00:00,1442500,1500000,1430000,1497500,3832.38,5588569292.42,1458250.84
340,2017-03-03 00:00:00,1497500,1555000,1490000,1547000,4623.43,7086492394.47,1532733.51
341,2017-03-04 00:00:00,1547500,1549500,1488000,1532000,1988.46,3038761534.24,1528201.85
342,2017-03-05 00:00:00,1532000,1532000,1480000,1530000,2056.98,3106756481.21,1510345.29
343,2017-03-06 00:00:00,1529500,1534500,1515500,1523000,1389.64,2118967019.38,1524837.05
344,2017-03-07 00:00:00,1523000,1525500,1410000,1466000,3630.13,5381525063.89,1482460.21
345,2017-03-08 00:00:00,1467000,1483000,1388000,1396000,4404.34,6295673016.21,1429423.52
346,2017-03-09 00:00:00,1396000,1433000,1370000,1422000,2714.08,3806575526.26,1402528.2
347,2017-03-10 00:00:00,1421500,1508000,1323000,1357500,6461.12,9120212573.7,1411553.59
348,2017-03-11 00:00:00,1359000,1449000,1358000,1428500,3873.19,5469756865.63,1412208.27
349,2017-03-12 00:00:00,1428500,1475000,1422000,1467500,2226.55,3214542040.93,1443731.74
350,2017-03-13 00:00:00,1468000,1510000,1466500,1492500,4229.86,6295304936.38,1488301.82
351,2017-03-14 00:00:00,1492000,1508000,1488000,1505000,2234.55,3344141795.81,1496562.22
352,2017-03-15 00:00:00,1505000,1521500,1490000,1503000,3444.96,5193003925.24,1507419.15
353,2017-03-16 00:00:00,1503000,1531000,1450000,1511500,8069.49,12171907626.73,1508385.94
354,2017-03-17 00:00:00,1511500,1716000,1470000,1486000,8862.11,13250738623.96,1495213.35
355,2017-03-18 00:00:00,1484500,1668500,1178500,1221500,6887.72,9645344813.18,1400368.62
356,2017-03-19 00:00:00,1236000,1400000,1222000,1339500,6100.33,8003413264.24,1311964.71
357,2017-03-20 00:00:00,1346000,1369000,1300000,1316000,3774.74,5003137027.36,1325427.0
358,2017-03-21 00:00:00,1316000,1368500,1313000,1362500,3993.51,5352959546.28,1340415.78
359,2017-03-22 00:00:00,1362000,1366000,1250000,1288000,6960.23,9114914910.98,1309571.15
360,2017-03-23 00:00:00,1288000,1295000,1231000,1243500,3518.38,4444816812.34,1263311.73
361,2017-03-24 00:00:00,1236500,1245000,1050000,1065000,7167.43,8352383704.07,1165325.23
362,2017-03-25 00:00:00,1066000,1151000,1040000,1140500,6694.11,7276424051.93,1086988.23
363,2017-03-26 00:00:00,1140500,1247000,1115000,1183000,6645.61,7785004448.51,1171450.06
364,2017-03-27 00:00:00,1183000,1250000,1162000,1249000,4454.25,5347991800.97,1200649.52
365,2017-03-28 00:00:00,1249500,1266500,1213000,1245000,4771.25,5937210147.8,1244372.32
366,2017-03-29 00:00:00,1243000,1245000,1171000,1212000,5555.71,6712727967.86,1208258.37
367,2017-03-30 00:00:00,1212000,1227000,1192000,1208000,4496.72,5443097367.73,1210459.66
368,2017-03-31 00:00:00,1210500,1279000,1208500,1267000,7902.44,9793147190.81,1239256.62
369,2017-04-01 00:00:00,1265500,1297000,1256500,1277500,4480.95,5713684362.44,1275105.72
370,2017-04-02 00:00:00,1277000,1304500,1167500,1303500,8155.08,10454917942.08,1282012.48
371,2017-04-03 00:00:00,1301000,1367000,1300000,1361500,9308.13,12436684056.72,1336109.75
372,2017-04-04 00:00:00,1359500,1383000,1310000,1352500,6612.62,8957643994.42,1354627.77
373,2017-04-05 00:00:00,1352500,1356000,1309000,1325500,5124.32,6798943224.08,1326799.91
374,2017-04-06 00:00:00,1327000,1400000,1326000,1375000,6841.73,9277647309.99,1356038.08
375,2017-04-07 00:00:00,1374500,1415000,1365500,1405000,4227.66,5868299285.99,1388073.16
376,2017-04-08 00:00:00,1405000,1406000,1362500,1374000,2867.13,3963325752.58,1382332.11
377,2017-04-09 00:00:00,1374000,1404500,1367000,1394500,2569.91,3558484382.91,1384674.57
378,2017-04-10 00:00:00,1392000,1410000,1389000,1400000,3188.96,4465406496.77,1400270.32
379,2017-04-11 00:00:00,1400000,1424000,1396000,1421000,3175.83,4472081680.59,1408160.14
380,2017-04-12 00:00:00,1419500,1424500,1376000,1395000,4715.35,6648407489.29,1409950.95
381,2017-04-13 00:00:00,1397000,1400000,1340500,1363500,4820.81,6619610075.93,1373133.29
382,2017-04-14 00:00:00,1363500,1398000,1361500,1386500,3161.86,4375441419.2,1383817.96
383,2017-04-15 00:00:00,1386500,1396000,1366000,1374000,2411.34,3339274269.39,1384821.17
384,2017-04-16 00:00:00,1376000,1387000,1374000,1384000,1536.13,2120485765.41,1380411.48
385,2017-04-17 00:00:00,1384000,1399000,1379500,1397500,3196.47,4441996618.2,1389657.25
386,2017-04-18 00:00:00,1397000,1418500,1395000,1404000,3830.68,5392574321.95,1407733.46
387,2017-04-19 00:00:00,1404000,1418000,1402000,1418000,2752.01,3877055522.66,1408809.27
388,2017-04-20 00:00:00,1418000,1467000,1415500,1445500,3965.85,5678137395.87,1431758.55
389,2017-04-21 00:00:00,1445500,1469000,1444500,1457000,3210.93,4671735123.62,1454947.98
390,2017-04-22 00:00:00,1457500,1459000,1425000,1454000,2035.97,2949303223.22,1448601.07
391,2017-04-23 00:00:00,1452500,1456000,1445000,1452000,2051.36,2976359871.34,1450920.73
392,2017-04-24 00:00:00,1451500,1457500,1443000,1453500,2637.41,3823509535.69,1449723.33
393,2017-04-25 00:00:00,1453500,1465000,1448500,1462500,3046.58,4431957408.54,1454731.59
394,2017-04-26 00:00:00,1462500,1467500,1451500,1461000,3437.28,5023479902.07,1461469.06
395,2017-04-27 00:00:00,1461000,1483000,1457000,1478000,4612.46,6772647869.28,1468336.2
396,2017-04-28 00:00:00,1477500,1500000,1454000,1462000,7468.76,11065812569.21,1481612.95
397,2017-04-29 00:00:00,1463000,1603000,1366000,1496000,5583.51,8301194557.56,1486734.14
398,2017-04-30 00:00:00,1496000,1555500,1491000,1555500,5418.89,8204309605.42,1514020.97
399,2017-05-01 00:00:00,1555000,1700000,1540000,1690500,8628.12,13978700081.54,1620132.74
400,2017-05-02 00:00:00,1690000,1750000,1660000,1711500,5613.77,9534699721.24,1698448.79
401,2017-05-03 00:00:00,1711000,1735000,1690000,1723000,4983.65,8541557041.36,1713917.19
402,2017-05-04 00:00:00,1725000,1900000,1722000,1899500,12388.07,22279718309.27,1798481.17
403,2017-05-05 00:00:00,1900000,2100000,1861500,1971000,13557.1,26913341757.23,1985183.82
404,2017-05-06 00:00:00,1971000,1995000,1823000,1945500,9741.46,18715030484.48,1921172.98
405,2017-05-07 00:00:00,1945000,2000000,1903000,1985000,11601.44,22538216508.99,1942708.21
406,2017-05-08 00:00:00,1985000,2290000,1980000,2242500,13614.85,28508048295.24,2093894.34
407,2017-05-09 00:00:00,2242500,2499500,2180500,2296500,13774.23,31897715419.34,2315752.24
408,2017-05-10 00:00:00,2296500,2322000,2123500,2284000,10961.32,24624113289.48,2246455.0
409,2017-05-11 00:00:00,2284000,2430000,2250000,2378000,8496.19,19960781503.51,2349378.93
410,2017-05-12 00:00:00,2378000,2385500,2238000,2270000,9285.88,21439314323.58,2308808.73
411,2017-05-13 00:00:00,2270000,2324500,2130500,2289500,6264.24,13894109255.75,2218003.85
412,2017-05-14 00:00:00,2289000,2324500,2211500,2270500,5634.09,12839618740.44,2278915.42
413,2017-05-15 00:00:00,2274500,2279500,2093000,2187500,8013.64,17474836843.1,2180637.24
414,2017-05-16 00:00:00,2187500,2275000,2119500,2273500,9075.45,19744056182.47,2175545.75
415,2017-05-17 00:00:00,2273000,2360000,2218000,2279500,8022.91,18336646227.77,2285535.94
416,2017-05-18 00:00:00,2266000,2316000,2250000,2300000,7474.32,17044020290.15,2280342.43
417,2017-05-19 00:00:00,2300000,2452500,2295500,2450000,8207.24,19324861229.85,2354611.59
418,2017-05-20 00:00:00,2452000,2588500,2350000,2571000,8002.3,19932790146.53,2490882.95
419,2017-05-21 00:00:00,2580000,2700000,2557000,2696500,7021.89,18331646047.63,2610641.5
420,2017-05-22 00:00:00,2696500,3290000,2691500,3108500,10774.32,32368792686.45,3004254.53
421,2017-05-23 00:00:00,3105000,3318000,3090000,3226000,10296.35,32752552679.45,3180987.47
422,2017-05-24 00:00:00,3222500,4297000,3222500,4005000,13144.8,46904269165.25,3568275.48
423,2017-05-25 00:00:00,4009500,4800000,3310000,3999500,12559.9,54434212709.43,4333968.67
424,2017-05-26 00:00:00,3970000,4142000,2900000,3257500,13930.67,49530223709.51,3555481.03
425,2017-05-27 00:00:00,3239000,3285000,2510000,3149500,12037.1,34682115845.9,2881269.37
426,2017-05-28 00:00:00,3149500,3420000,2880000,3148500,8189.15,26026612729.73,3178181.77
427,2017-05-29 00:00:00,3145500,3350000,2991000,3200000,6249.2,19485401941.54,3118061.34
428,2017-05-30 00:00:00,3200000,3329000,3100000,3146000,5983.47,19158604295.03,3201919.75
429,2017-05-31 00:00:00,3146000,3175000,3002000,3040500,6391.44,19628651825.16,3071082.13
430,2017-06-01 00:00:00,3040000,3210000,3040000,3132000,8708.75,27161394757.61,3118861.88
431,2017-06-02 00:00:00,3128000,3198500,3055500,3198500,4662.73,14489509167.32,3107516.0
432,2017-06-03 00:00:00,3198000,3200000,3006000,3115000,5652.98,17528356403.12,3100728.75
433,2017-06-04 00:00:00,3115000,3119000,3050000,3062500,3595.21,11074480820.75,3080342.31
434,2017-06-05 00:00:00,3065000,3191000,3064000,3189000,5083.2,15813973126.06,3111025.29
435,2017-06-06 00:00:00,3189000,3475000,3151500,3387000,15228.38,50732498771.99,3331444.16
436,2017-06-07 00:00:00,3386500,3390000,3200000,3254000,7087.13,23592800864.13,3328964.67
437,2017-06-08 00:00:00,3254000,3306000,3157000,3270500,6078.5,19690481076.52,3239362.6
438,2017-06-09 00:00:00,3271500,3336000,3244000,3266000,6369.51,20908540478.92,3282595.66
439,2017-06-10 00:00:00,3266000,3336000,3246500,3277500,5691.67,18719247994.52,3288882.85
440,2017-06-11 00:00:00,3277500,3329000,3252000,3326000,5646.66,18527878706.15,3281208.0
441,2017-06-12 00:00:00,3328000,3396500,3085000,3210000,11860.92,39073131267.27,3294273.7
442,2017-06-13 00:00:00,3199500,3285000,3180500,3195000,7140.22,22980463857.4,3218453.91
443,2017-06-14 00:00:00,3194000,3228000,2855000,3030000,9483.26,29742480673.09,3136314.06
444,2017-06-15 00:00:00,3030000,3088500,2700000,3067000,12473.65,36555358514.1,2930607.5
445,2017-06-16 00:00:00,3055000,3083000,2990000,3053500,5038.65,15284222407.67,3033397.15
446,2017-06-17 00:00:00,3053500,3247500,3039500,3223000,8158.19,25725174235.12,3153294.41
447,2017-06-18 00:00:00,3219500,3234500,3119000,3169500,4649.68,14807826382.27,3184695.26
448,2017-06-19 00:00:00,3169500,3233500,3165500,3229000,5868.53,18781515761.56,3200380.04
449,2017-06-20 00:00:00,3229000,3498000,3228000,3415500,8941.89,29729188535.56,3324709.04
450,2017-06-21 00:00:00,3418000,3570000,3301000,3424500,11897.3,41048912782.34,3450272.04
451,2017-06-22 00:00:00,3429000,3485000,3361000,3454500,5877.6,20139096655.82,3426413.3
452,2017-06-23 00:00:00,3454000,3490000,3402000,3447500,4019.42,13850761340.32,3445962.01
453,2017-06-24 00:00:00,3447500,3450000,3321000,3358000,3498.2,11911841680.05,3405136.09
454,2017-06-25 00:00:00,3358500,3445000,3270000,3385000,4902.04,16538300751.18,3373759.24
455,2017-06-26 00:00:00,3385500,3399500,3082500,3285000,6541.81,21494733107.73,3285747.55
456,2017-06-27 00:00:00,3285000,3293000,2892500,3161000,6504.58,20182051582.1,3102745.64
457,2017-06-28 00:00:00,3162000,3192000,3043500,3144000,5327.75,16561570331.54,3108550.99
458,2017-06-29 00:00:00,3143000,3155000,3040000,3076500,4980.26,15432299931.91,3098695.45
459,2017-06-30 00:00:00,3076500,3122000,3067000,3080000,3814.28,11778493742.49,3088003.16
460,2017-07-01 00:00:00,3080000,3100000,3012500,3056000,3027.37,9261933997.16,3059401.26
461,2017-07-02 00:00:00,3052000,3058500,2930000,3012000,3331.06,10005778727.86,3003782.84
462,2017-07-03 00:00:00,3012000,3137000,3002500,3092000,5025.18,15409978548.51,3066553.25
463,2017-07-04 00:00:00,3092000,3172500,3075000,3145500,4897.22,15338491196.41,3132080.55
464,2017-07-05 00:00:00,3144500,3149500,3040000,3113000,4577.79,14169130032.36,3095192.2
465,2017-07-06 00:00:00,3112000,3126500,3080000,3119500,2895.79,9003885761.11,3109298.27
466,2017-07-07 00:00:00,3117000,3124500,3040000,3082000,3289.97,10136504295.2,3081034.02
467,2017-07-08 00:00:00,3079000,3084500,2960000,3084500,2963.59,9000787567.33,3037122.43
468,2017-07-09 00:00:00,3084500,3097000,3010000,3012000,2169.65,6635984686.46,3058546.44
469,2017-07-10 00:00:00,3018000,3039000,2800000,2955500,4672.78,13906354534.92,2976033.98
470,2017-07-11 00:00:00,2962500,2988000,2656500,2879000,6910.44,19723377671.07,2854142.3
471,2017-07-12 00:00:00,2871000,2896500,2791000,2895500,4512.46,12782578034.65,2832731.64
472,2017-07-13 00:00:00,2890000,2960000,2807000,2825500,4075.36,11680095755.78,2866027.89
473,2017-07-14 00:00:00,2825500,2834500,2600000,2632500,5947.57,16185599404.83,2721379.73
474,2017-07-15 00:00:00,2633000,2636000,2120000,2229500,9042.66,21519096444.77,2379731.84
475,2017-07-16 00:00:00,2225500,2339500,1760000,2222000,10282.2,21768524135.39,2117108.09
476,2017-07-17 00:00:00,2222000,2670000,2152000,2648500,9906.68,23504997059.95,2372641.68
477,2017-07-18 00:00:00,2646500,2839000,2420000,2760000,10274.9,27230397667.74,2650186.37
478,2017-07-19 00:00:00,2761000,2779000,2533000,2649000,7716.95,20761688011.27,2690400.85
479,2017-07-20 00:00:00,2648500,3390000,2580000,3238000,17279.14,50676846776.98,2932833.1
480,2017-07-21 00:00:00,3235000,3249500,2918000,2980500,13102.84,40166958734.09,3065515.95
481,2017-07-22 00:00:00,2980500,3198500,2953000,3121000,9006.54,27891588420.45,3096815.61
482,2017-07-23 00:00:00,3124500,3142000,2987000,3049500,6558.92,20096620004.44,3064013.2
483,2017-07-24 00:00:00,3049000,3089000,3002000,3061000,4383.96,13355632898.0,3046476.45
484,2017-07-25 00:00:00,3061000,3080000,2767500,2936000,9387.11,27550983477.02,2934980.52
485,2017-07-26 00:00:00,2930500,2970000,2770500,2849500,5622.27,16021356280.8,2849622.11
486,2017-07-27 00:00:00,2847000,2999000,2840000,2983500,4989.97,14493344607.48,2904497.47
487,2017-07-28 00:00:00,2987000,3245000,2987000,3185000,12646.89,39511354277.53,3124195.02
488,2017-07-29 00:00:00,3185000,3194500,2983000,3061000,7146.93,22044966260.98,3084536.64
489,2017-07-30 00:00:00,3060000,3129000,3002000,3128000,4506.71,13840745775.47,3071141.98
490,2017-07-31 00:00:00,3128000,3227500,3060000,3186500,5115.73,16111970759.42,3149497.6
491,2017-08-01 00:00:00,3190000,3300000,3028000,3092000,5545.22,17564467916.13,3167495.24
492,2017-08-02 00:00:00,3093500,3117500,3081000,3086500,2081.25,6450335406.73,3099262.96
493,2017-08-03 00:00:00,3086500,3149500,3086500,3135500,2229.44,6929154519.07,3108021.72
494,2017-08-04 00:00:00,3139000,3250000,3086500,3224000,5502.6,17400015121.37,3162146.76
495,2017-08-05 00:00:00,3226000,3705000,3224000,3705000,10303.51,36167059265.74,3510169.44
496,2017-08-06 00:00:00,3702000,3800000,3538500,3640000,4605.8,16867418567.13,3662211.93
497,2017-08-07 00:00:00,3635000,3875000,3600000,3869500,5861.36,22088553478.12,3768501.82
498,2017-08-08 00:00:00,3875000,3958000,3782000,3867500,7932.57,30754908365.51,3877040.22
499,2017-08-09 00:00:00,3863500,3885000,3640000,3800500,6900.35,26182439280.74,3794365.75
500,2017-08-10 00:00:00,3800000,3889000,3768000,3868500,4091.26,15716046468.82,3841374.07
501,2017-08-11 00:00:00,3869500,4199500,3859500,4182000,8011.23,32239709557.25,4024312.09
502,2017-08-12 00:00:00,4182000,4504500,4111000,4480000,10241.39,44394370575.69,4334800.62
503,2017-08-13 00:00:00,4478500,5024500,4311000,4723500,19271.0,90369269276.83,4689391.02
504,2017-08-14 00:00:00,4723000,4960000,4570000,4960000,13041.93,62745151508.51,4811031.89
505,2017-08-15 00:00:00,4960000,5149000,4520000,4873000,17878.24,87777549458.93,4909740.88
506,2017-08-16 00:00:00,4872500,4962000,4621500,4949000,10130.27,48890609514.9,4826190.58
507,2017-08-17 00:00:00,4949000,5049000,4850000,4860000,8575.99,42522507297.07,4958317.71
508,2017-08-18 00:00:00,4860500,4950000,4690000,4777000,8214.8,39902866412.61,4857434.48
509,2017-08-19 00:00:00,4777000,4900000,4610000,4793000,10069.49,47842033672.08,4751185.85
510,2017-08-20 00:00:00,4793000,4840000,4722500,4727500,3847.96,18410404754.3,4784455.67
511,2017-08-21 00:00:00,4728000,4750000,4500500,4519500,7601.13,35254647625.91,4638080.68
512,2017-08-22 00:00:00,4514500,4618500,4084000,4589500,10500.16,46300714619.28,4409525.89
513,2017-08-23 00:00:00,4589500,4800000,4550000,4696500,6908.57,32364495512.18,4684688.44
514,2017-08-24 00:00:00,4696500,4950000,4660500,4848000,6429.92,30596336141.24,4758428.43
515,2017-08-25 00:00:00,4848000,4967000,4832000,4927000,5251.28,25726651422.78,4899119.72
516,2017-08-26 00:00:00,4927000,4929500,4861000,4909000,3976.18,19459153890.18,4893937.21
517,2017-08-27 00:00:00,4915000,4950000,4875500,4891500,4031.73,19814561703.99,4914656.88
518,2017-08-28 00:00:00,4885500,4915000,4780000,4911000,5646.67,27449953227.35,4861264.14
519,2017-08-29 00:00:00,4911500,5150000,4880000,5097000,6938.13,34694600191.91,5000566.15
520,2017-08-30 00:00:00,5097000,5166500,4972000,5066000,3963.63,20210121253.02,5098898.27
521,2017-08-31 00:00:00,5068500,5232000,5050000,5187500,3845.13,19786554551.58,5145873.34
522,2017-09-01 00:00:00,5189500,5355500,5181000,5352000,5098.37,26783357290.45,5253316.12
523,2017-09-02 00:00:00,5352000,5499000,4885000,5101500,8919.29,46272648413.27,5187928.23
524,2017-09-03 00:00:00,5101500,5295000,4910000,5137000,5628.6,28745491330.09,5107039.24
525,2017-09-04 00:00:00,5140000,5144000,4711500,4791500,5537.16,27455109526.92,4958336.58
526,2017-09-05 00:00:00,4791500,5040000,4250000,4963500,7675.9,36288762235.26,4727625.49
527,2017-09-06 00:00:00,4964000,5098000,4905000,5069500,5078.23,25524773334.59,5026309.52
528,2017-09-07 00:00:00,5069500,5127000,4950500,5084500,4644.4,23490033879.11,5057712.38
529,2017-09-08 00:00:00,5084000,5123000,4801500,4931500,5856.31,29240284932.17,4992954.09
530,2017-09-09 00:00:00,4936500,4940000,4750000,4876500,3645.14,17698430956.86,4855351.85
531,2017-09-10 00:00:00,4877000,4905000,4461500,4788000,4874.62,22940861129.8,4706187.73
532,2017-09-11 00:00:00,4787500,4939500,4720000,4793000,4238.83,20339872031.37,4798466.22
533,2017-09-12 00:00:00,4790000,4865000,4700000,4713500,3723.54,17886413035.27,4803610.44
534,2017-09-13 00:00:00,4713500,4720000,4403500,4464500,6203.9,28213613384.35,4547720.97
535,2017-09-14 00:00:00,4464500,4540000,3401000,3428500,9419.02,38108526016.08,4045912.12
536,2017-09-15 00:00:00,3428500,4350000,3334000,4170000,14648.06,56246473898.12,3839858.31
537,2017-09-16 00:00:00,4165000,4340000,3907000,4125000,5561.71,23015292875.66,4138171.91
538,2017-09-17 00:00:00,4125000,4183500,3920000,4076000,3825.51,15582659464.49,4073353.23
539,2017-09-18 00:00:00,4079500,4479000,4076000,4462000,7029.48,30509010523.47,4340148.96
540,2017-09-19 00:00:00,4462000,4500000,4230500,4395000,4657.38,20490206733.78,4399509.19
541,2017-09-20 00:00:00,4395000,4450000,4340000,4375000,3061.48,13471420580.39,4400295.15
542,2017-09-21 00:00:00,4375500,4401000,4070000,4094500,4391.43,18778140934.2,4276089.38
543,2017-09-22 00:00:00,4084000,4269500,4056500,4151000,3530.17,14672208542.31,4156232.46
544,2017-09-23 00:00:00,4156000,4319500,4100500,4277000,2939.11,12428298145.99,4228587.02
545,2017-09-24 00:00:00,4271000,4273500,4155000,4157500,2326.28,9782055797.0,4205029.75
546,2017-09-25 00:00:00,4157500,4329500,4155500,4319500,3623.16,15384872690.81,4246259.41
547,2017-09-26 00:00:00,4317000,4418500,4310000,4329000,3010.98,13133374451.78,4361820.34
548,2017-09-27 00:00:00,4326500,4678500,4317500,4653500,5480.46,24603105152.49,4489240.71
549,2017-09-28 00:00:00,4653500,4770000,4511500,4590000,7447.25,34771702679.4,4669068.69
550,2017-09-29 00:00:00,4590000,4709000,4479000,4662000,4326.87,19928387092.55,4605728.28
551,2017-09-30 00:00:00,4662000,4899000,4655000,4892000,4034.06,19211471080.81,4762312.11
552,2017-10-01 00:00:00,4894000,4980000,4812500,4962500,3980.07,19472055412.57,4892392.17
553,2017-10-02 00:00:00,4961000,5092000,4957000,5026500,4659.82,23459184052.54,5034358.29
554,2017-10-03 00:00:00,5026000,5056000,4831500,4979000,4029.45,19885633358.75,4935075.3
555,2017-10-04 00:00:00,4978500,4986000,4856000,4901500,2198.53,10809481035.25,4916677.08
556,2017-10-05 00:00:00,4901500,4974500,4810000,4944500,2381.97,11676284460.58,4901938.75
557,2017-10-06 00:00:00,4941500,5034500,4936500,5000000,2325.85,11587164200.46,4981895.05
558,2017-10-07 00:00:00,5000500,5045000,4960000,5022000,1579.33,7891547491.69,4996784.48
559,2017-10-08 00:00:00,5022000,5245500,5018000,5238000,3816.0,19511978202.98,5113199.85
560,2017-10-09 00:00:00,5237000,5750000,5200500,5494000,6431.04,34845767776.31,5418370.27
561,2017-10-10 00:00:00,5494000,5657500,5479500,5518000,5281.95,29346077032.46,5555917.12
562,2017-10-11 00:00:00,5516000,5580000,5479000,5549500,2989.85,16521853954.31,5525987.61
563,2017-10-12 00:00:00,5549000,6381500,5534000,6381500,9991.2,59393562708.01,5944586.13
564,2017-10-13 00:00:00,6381500,6949000,6300500,6450000,13093.18,85866842204.4,6558133.52
565,2017-10-14 00:00:00,6450000,6648000,6341000,6644500,4135.24,26789438937.81,6478327.08
566,2017-10-15 00:00:00,6644000,6689500,6155500,6429500,7206.75,46051339970.19,6390026.56
567,2017-10-16 00:00:00,6431000,6491000,6270500,6452500,5130.42,32740054309.22,6381552.4
568,2017-10-17 00:00:00,6445000,6469500,6300500,6388500,4154.95,26531033705.28,6385400.45
569,2017-10-18 00:00:00,6391000,6445500,5831500,6371000,7287.99,44849033425.56,6153824.47
570,2017-10-19 00:00:00,6371000,6529500,6261000,6489000,4727.53,30516498637.78,6455058.26
571,2017-10-20 00:00:00,6489000,6900000,6402500,6874000,6936.49,46208282642.25,6661622.81
572,2017-10-21 00:00:00,6878000,7188500,6819000,6894500,8236.46,57707062316.94,7006293.97
573,2017-10-22 00:00:00,6895500,6990000,6690000,6962000,5426.76,37139458138.08,6843765.13
574,2017-10-23 00:00:00,6963000,7045000,6701500,6986000,6752.07,46512414333.8,6888619.51
575,2017-10-24 00:00:00,6985000,6999500,6336500,6391000,7239.58,47587200848.7,6573198.86
576,2017-10-25 00:00:00,6391000,6640000,6180000,6620500,5336.48,34208154441.67,6410250.11
577,2017-10-26 00:00:00,6628500,6840000,6540000,6770500,4643.79,31031057672.16,6682272.42
578,2017-10-27 00:00:00,6771000,6878000,6600500,6664500,3854.16,25985697865.47,6742238.09
579,2017-10-28 00:00:00,6665000,6776000,6595500,6615500,2796.66,18647985570.46,6667954.92
580,2017-10-29 00:00:00,6616500,6994000,6611500,6901000,5509.21,37203281017.61,6752924.86
581,2017-10-30 00:00:00,6920500,6987000,6825000,6939000,3782.03,26174980117.5,6920878.07
582,2017-10-31 00:00:00,6940000,7411500,6930500,7389000,6868.99,48921579280.95,7122095.64
583,2017-11-01 00:00:00,7379500,7700000,7250000,7685500,6994.17,51885114844.56,7418342.48
584,2017-11-02 00:00:00,7685500,8699500,7679000,8185500,11789.08,95535720229.57,8103746.12
585,2017-11-03 00:00:00,8201500,8441000,8001000,8101500,5342.22,44067457162.87,8248902.06
586,2017-11-04 00:00:00,8110000,8399000,7650000,8320500,4979.17,40420140701.49,8117853.24
587,2017-11-05 00:00:00,8321000,8628000,8251500,8440000,4765.66,40300348727.78,8456406.23
588,2017-11-06 00:00:00,8440500,8477500,8035000,8094000,4475.25,37152741524.83,8301826.24
589,2017-11-07 00:00:00,8107000,8357000,8098000,8213000,3296.64,27090202345.21,8217522.57
590,2017-11-08 00:00:00,8203500,8660000,8145500,8338500,6044.72,50469323722.22,8349322.65
591,2017-11-09 00:00:00,8338000,8338500,8015500,8172000,6152.74,50219009565.3,8162050.0
592,2017-11-10 00:00:00,8172000,8256000,7236000,7481000,12831.22,100185826651.29,7807971.98
593,2017-11-11 00:00:00,7480500,7875500,7000000,7259500,10210.63,75727860191.94,7416574.35
594,2017-11-12 00:00:00,7249500,7763000,6501000,7021000,16480.33,117065061376.71,7103321.3
595,2017-11-13 00:00:00,7021500,7849500,7020000,7420000,13867.48,103249515507.55,7445443.17
596,2017-11-14 00:00:00,7416500,7650000,7380000,7525000,5204.35,39100409847.34,7513027.34
597,2017-11-15 00:00:00,7531000,8368500,7427500,8299000,11755.55,93792226227.93,7978547.57
598,2017-11-16 00:00:00,8299000,8748000,8160000,8629500,10730.51,90174403236.3,8403554.66
599,2017-11-17 00:00:00,8627500,8821000,8410000,8503000,8981.42,77780778620.49,8660187.16
600,2017-11-18 00:00:00,8537500,8630000,8285500,8560000,5940.54,50410539859.06,8485848.63
601,2017-11-19 00:00:00,8559500,8775000,8469500,8730000,4059.95,34972214713.21,8613947.67
602,2017-11-20 00:00:00,8731500,9010000,8660000,8904000,5504.76,48606470563.87,8829899.81
603,2017-11-21 00:00:00,8908000,9061000,8580500,8887500,6697.26,59324727531.37,8858061.78
604,2017-11-22 00:00:00,8909000,9155000,8895000,9030000,5299.27,47886906146.63,9036502.59
605,2017-11-23 00:00:00,9029500,9090000,8865000,8865000,4708.43,42341909832.45,8992795.02
606,2017-11-24 00:00:00,8865000,9640000,8851000,9184500,8663.44,79376518178.49,9162240.38
607,2017-11-25 00:00:00,9186000,9829500,9050000,9794500,5063.91,47683894767.86,9416410.14
608,2017-11-26 00:00:00,9799500,10698500,9749500,10339000,8319.41,84465289440.21,10152792.39
609,2017-11-27 00:00:00,10334500,11276500,10312500,11266500,7436.92,80904342382.66,10878745.98
610,2017-11-28 00:00:00,11250000,11942000,11071000,11932000,7619.66,87781863379.26,11520445.85
611,2017-11-29 00:00:00,11940500,13500000,10850000,11200500,13381.2,167304950598.09,12502987.46
612,2017-11-30 00:00:00,11200000,12549000,10220000,11941500,11864.21,136026504785.12,11465280.98
613,2017-12-01 00:00:00,11941500,12599000,11216500,12489000,7674.77,91510344767.97,11923526.54
614,2017-12-02 00:00:00,12499000,13087000,12460000,12899500,5028.49,64452652836.31,12817503.03
615,2017-12-03 00:00:00,12885000,13450000,12730000,13106500,5293.65,69332611488.89,13097316.74
616,2017-12-04 00:00:00,13108500,13608000,13069500,13600000,4176.12,55826788568.38,13368108.52
617,2017-12-05 00:00:00,13599500,14774500,13555000,14687000,6328.76,89333851780.05,14115536.2
618,2017-12-06 00:00:00,14687000,18992000,14630000,18600000,12582.48,204827976898.43,16278823.66
619,2017-12-07 00:00:00,18600000,23999000,17950000,23835500,14444.53,289449632598.49,20038700.53
620,2017-12-08 00:00:00,23811000,24850000,16400000,20050000,16142.96,335183911871.8,20763467.15
621,2017-12-09 00:00:00,20078000,20250000,15565500,17809500,11228.6,199141047898.22,17735160.2
622,2017-12-10 00:00:00,17809500,18264000,13999500,17499500,18877.2,306142229985.74,16217567.17
623,2017-12-11 00:00:00,17490000,19980000,17415000,19202500,9891.45,188183287879.31,19024846.77
624,2017-12-12 00:00:00,19232500,19480000,18656000,18730000,6468.51,123809830794.88,19140382.02
625,2017-12-13 00:00:00,18730000,19120000,17530000,18236000,5913.43,109557002675.52,18526819.84
626,2017-12-14 00:00:00,18281000,19200000,16404500,18649000,4586.6,84868139553.86,18503500.38
627,2017-12-15 00:00:00,18649000,20995500,18630000,20006000,8469.62,169346080524.48,19994532.39
628,2017-12-16 00:00:00,20051500,22485000,19850000,22119000,5627.67,117981740363.39,20964596.02
629,2017-12-17 00:00:00,22117500,22889500,21050000,21838500,6220.75,137338429326.31,22077456.58
630,2017-12-18 00:00:00,21837000,22097000,20890000,21850000,4201.48,91035283680.19,21667451.42
631,2017-12-19 00:00:00,21851000,22542500,20640000,21697000,5284.08,115680365816.8,21892249.34
632,2017-12-20 00:00:00,21650500,22170000,20005500,21501500,6144.37,131157754886.12,21346019.68
633,2017-12-21 00:00:00,21501500,22800000,20900000,21690000,5613.32,122849777767.22,21885416.52
634,2017-12-22 00:00:00,21578000,21919000,16850000,19130000,7610.45,146303329719.51,19224015.13
635,2017-12-23 00:00:00,19129500,20620000,19010000,20143000,3385.68,67177642433.17,19841701.06
636,2017-12-24 00:00:00,20143000,20300000,18490000,19240000,2881.01,55797517000.21,19367324.42
637,2017-12-25 00:00:00,19240000,19760000,19110500,19659500,1970.98,38297426539.81,19430660.45
638,2017-12-26 00:00:00,19660000,22000000,19550000,21510500,5592.96,117786660182.54,21059796.33
639,2017-12-27 00:00:00,21529500,22350000,21122000,21829500,3676.49,80199871121.48,21814264.91
640,2017-12-28 00:00:00,21815000,21850000,18700000,19450000,4953.1,98210221403.59,19828013.87
641,2017-12-29 00:00:00,19453000,19600000,18775500,19396000,4246.97,81101273111.75,19096272.2
642,2017-12-30 00:00:00,19396000,19420000,18000000,18252500,3247.88,61011347584.41,18784978.45
643,2017-12-31 00:00:00,18252500,19500000,18206000,19180000,2279.77,42963616782.37,18845589.64
644,2018-01-01 00:00:00,19173500,19300000,18410000,18756500,1672.96,31610876465.23,18895124.89
645,2018-01-02 00:00:00,18671000,20550000,18602000,19836500,3714.35,72150764568.99,19424879.41
646,2018-01-03 00:00:00,19860000,20850000,19836500,20570000,3302.96,67372331124.72,20397534.83
647,2018-01-04 00:00:00,20550000,22269500,20200000,22269500,4178.81,88546237880.77,21189337.01
648,2018-01-05 00:00:00,22269500,27299000,21600000,26350000,7181.93,173452772537.08,24151289.86
649,2018-01-06 00:00:00,26349500,27000000,24200000,26385000,4080.02,104382828166.32,25583904.96
650,2018-01-07 00:00:00,26385000,26408500,24700000,25610000,2175.71,56159276505.99,25811925.97
651,2018-01-08 00:00:00,25689500,26100000,22500000,24808000,4132.51,103044740160.22,24935159.6
652,2018-01-09 00:00:00,24810000,25430000,22500000,23756000,3249.71,77505932358.25,23850110.07
653,2018-01-10 00:00:00,23754500,23949500,20000000,21112000,4725.97,104220881793.16,22052780.74
654,2018-01-11 00:00:00,21110000,21649500,15500000,19174500,6764.43,129569241082.95,19154507.82
655,2018-01-12 00:00:00,19174500,20799000,18400000,20515500,3609.58,70547874544.55,19544604.4
656,2018-01-13 00:00:00,20586500,21268000,19700000,20921000,2974.53,62109363322.95,20880420.22
657,2018-01-14 00:00:00,20959500,21100000,18500000,19163000,2043.63,39904557158.97,19526306.09
658,2018-01-15 00:00:00,19220000,19999500,18450000,19005500,2912.59,56113351971.61,19265801.16
659,2018-01-16 00:00:00,19099500,19099500,11260000,14214500,6410.16,102452740954.73,15982863.98
660,2018-01-17 00:00:00,14400000,15841500,11651500,14682000,5939.17,79408350580.8,13370280.57
661,2018-01-18 00:00:00,14700000,16326500,13580000,14766500,3930.02,58424735685.91,14866279.29
662,2018-01-19 00:00:00,14814500,15300000,14370500,15293000,2469.81,36781517418.48,14892423.86
663,2018-01-20 00:00:00,15298000,17170000,15204000,16779000,4095.42,67166778175.0,16400469.93
664,2018-01-21 00:00:00,16777500,16860000,13861000,14586500,3438.56,51313595027.32,14922982.56
665,2018-01-22 00:00:00,14585000,14795000,12900000,13961000,2533.22,35184303353.0,13889156.56
666,2018-01-23 00:00:00,13989000,14000000,12300000,13094500,2633.75,34678314288.33,13166891.88
667,2018-01-24 00:00:00,13054500,13630000,12621000,13458000,1976.97,25855477908.62,13078361.32
668,2018-01-25 00:00:00,13458000,13800000,12800000,12980500,1967.77,26073600967.86,13250343.68
669,2018-01-26 00:00:00,12977500,13185000,11550000,12852500,2318.82,28987816205.88,12501097.58
670,2018-01-27 00:00:00,12854000,13030000,12300000,12858000,1182.02,14998284661.04,12688681.0
671,2018-01-28 00:00:00,12849000,13497000,12811500,13261500,1375.8,18234554828.07,13253754.62
672,2018-01-29 00:00:00,13345000,13419500,12600000,12849000,1369.05,17735873666.08,12954839.0
673,2018-01-30 00:00:00,12849500,12882500,11324000,11550000,1498.49,18292764968.99,12207498.54
674,2018-01-31 00:00:00,11550000,11739500,10500000,11420000,1768.83,19848965709.0,11221494.39
675,2018-02-01 00:00:00,11420000,11498500,9900000,10020500,2125.6,22561171251.71,10614039.21
676,2018-02-02 00:00:00,10040500,10080000,7857000,9443500,4310.34,38611036622.48,8957778.67
677,2018-02-03 00:00:00,9396500,9980000,8500500,9553000,1926.38,17899703732.18,9291863.83
678,2018-02-04 00:00:00,9545000,10065000,8785000,8975000,1764.38,16709108988.53,9470227.44
679,2018-02-05 00:00:00,8975000,9184000,7660500,7800000,2099.23,17772693415.04,8466274.36
680,2018-02-06 00:00:00,7814500,8722500,6500000,8589500,4959.77,36754518324.9,7410528.61
681,2018-02-07 00:00:00,8589500,9248000,7960000,8385500,2855.5,24636882988.18,8627865.5
682,2018-02-08 00:00:00,8396000,9620500,8325000,9494000,2768.02,25421357011.14,9183959.22
683,2018-02-09 00:00:00,9476500,9966000,9060500,9966000,2339.6,22042866165.22,9421655.68
684,2018-02-10 00:00:00,9957000,10630000,9534000,9929500,2722.35,27672054656.12,10164753.53
685,2018-02-11 00:00:00,9948500,9985000,9070000,9318000,1566.64,14773332352.2,9429925.21
686,2018-02-12 00:00:00,9312500,10234000,9311000,10148500,1525.2,15063222136.25,9876233.04
687,2018-02-13 00:00:00,10147500,10220000,9653000,9875500,1280.83,12761504149.07,9963469.64
688,2018-02-14 00:00:00,9873500,10498500,9846500,10453000,1875.72,19180623642.36,10225750.38
689,2018-02-15 00:00:00,10453000,11480000,10401500,11380500,2874.11,31635564158.55,11007070.58
690,2018-02-16 00:00:00,11381000,11749500,11127500,11426000,1613.35,18460105203.56,11442069.62
691,2018-02-17 00:00:00,11417500,12400000,11378000,12370000,3276.88,39122908057.32,11939078.98
692,2018-02-18 00:00:00,12366500,12753500,11501000,11954500,3461.73,42231566431.18,12199564.47
693,2018-02-19 00:00:00,11991000,12690000,11900000,12668000,2400.67,29488777759.93,12283577.3
694,2018-02-20 00:00:00,12668000,14160500,12653500,13514000,3999.73,53432984958.3,13359132.21
695,2018-02-21 00:00:00,13520000,13650000,12350000,12816500,3927.33,51274399811.6,13055796.95
696,2018-02-22 00:00:00,12814000,13039000,11640000,11737000,3546.54,43504230764.55,12266668.61
697,2018-02-23 00:00:00,11735500,12225500,11300000,12045000,2857.07,33676449945.32,11787051.99
698,2018-02-24 00:00:00,12045500,12350000,11262000,11520000,2190.36,25871075677.03,11811340.48
699,2018-02-25 00:00:00,11516500,11629500,10805500,11204000,1402.57,15727182836.12,11213145.25
700,2018-02-26 00:00:00,11206500,11890000,10780000,11743000,2566.4,29208048619.76,11380945.53
701,2018-02-27 00:00:00,11787000,12150000,11471500,11964500,2004.46,23730227349.07,11838724.22
702,2018-02-28 00:00:00,11964500,12387500,11783000,11850000,2160.97,26012180850.54,12037293.92
703,2018-03-01 00:00:00,11851000,12244500,11623000,12171500,1568.88,18698718688.0,11918542.94
704,2018-03-02 00:00:00,12190000,12550000,12119500,12430500,1833.08,22633409665.36,12347202.87
705,2018-03-03 00:00:00,12439500,12840000,12384000,12798000,1654.39,20880360066.25,12621204.77
706,2018-03-04 00:00:00,12810000,12825500,12260500,12567500,1620.79,20238309856.78,12486690.68
707,2018-03-05 00:00:00,12593500,12880000,12438500,12739000,1410.15,17818153031.38,12635613.38
708,2018-03-06 00:00:00,12702000,12730000,11901000,11998000,1785.61,22039654262.44,12342940.43
709,2018-03-07 00:00:00,11984500,12210000,10914000,11127000,2960.61,34339406827.53,11598772.96
710,2018-03-08 00:00:00,11144000,11379500,10456000,10465000,2478.14,26926805131.53,10865725.31
711,2018-03-09 00:00:00,10465000,10625000,9289000,10410000,3575.39,35565607641.28,9947323.65
712,2018-03-10 00:00:00,10410000,10551500,9802000,9875000,1721.91,17695897396.46,10276915.55
713,2018-03-11 00:00:00,9874500,10710000,9561500,10477000,2277.19,23112357254.73,10149521.96
714,2018-03-12 00:00:00,10460000,10880500,9885000,10234000,2216.59,23087024357.17,10415579.01
715,2018-03-13 00:00:00,10199000,10400000,9900000,10127000,1899.6,19270686712.04,10144618.55
716,2018-03-14 00:00:00,10133500,10350000,8955500,9141500,2349.52,22655176820.71,9642461.34
717,2018-03-15 00:00:00,9141500,9288000,8470000,9118500,2941.66,26239897716.69,8920093.19
718,2018-03-16 00:00:00,9117500,9350000,8775500,9090000,1574.03,14294463592.52,9081466.29
719,2018-03-17 00:00:00,9090000,9150000,8550000,8662500,1203.09,10660717968.33,8861131.38
720,2018-03-18 00:00:00,8654500,9060000,8059000,8990000,2403.97,20311031724.32,8448961.56
721,2018-03-19 00:00:00,8984000,9749500,8900500,9700000,2933.8,27223279929.04,9279190.43
722,2018-03-20 00:00:00,9728500,9992000,9170000,9835500,2591.19,24873996781.72,9599465.19
723,2018-03-21 00:00:00,9829000,10149000,9755500,9913500,1898.51,18929951897.02,9970972.74
724,2018-03-22 00:00:00,9924500,10067500,9493000,9771000,1558.66,15232012462.48,9772528.7
725,2018-03-23 00:00:00,9774000,9857000,9300000,9857000,1450.73,13803668923.58,9514991.18
726,2018-03-24 00:00:00,9861500,9990000,9515500,9550000,1312.52,12910979651.92,9836771.62
727,2018-03-25 00:00:00,9550000,9700000,9416500,9471500,743.57,7091357574.55,9536904.67
728,2018-03-26 00:00:00,9483000,9548000,8800000,9082000,1194.26,10918775896.55,9142691.39
729,2018-03-27 00:00:00,9074000,9150000,8543500,8882000,1342.01,11774095999.7,8773466.3
