,ds,y
0,2008-01-30,5.976350909297934
1,2008-01-16,6.049733455231958
2,2008-01-17,6.0112671744041615
3,2008-01-14,5.953243334287785
4,2008-01-15,5.910796644040527
5,2008-01-12,5.407171771460119
6,2008-01-13,5.3230099791384085
7,2008-01-10,5.8805329864007
8,2008-01-11,5.645446897643238
9,2008-01-18,5.958424693029782
10,2008-01-19,5.3706380281276624
11,2008-01-29,5.958424693029782
12,2008-01-28,5.8916442118257715
13,2008-01-27,5.488937726156687
14,2008-01-26,5.407171771460119
15,2008-01-25,5.916202062607435
16,2008-01-24,5.966146739123692
17,2008-01-23,6.089044875446846
18,2008-01-22,5.942799375126701
19,2008-01-21,6.261491684321042
20,2008-01-20,5.666426688112432
21,2008-01-05,5.278114659230517
22,2008-01-04,5.598421958998375
23,2008-01-07,5.673323267171493
24,2008-01-06,5.313205979041787
25,2008-01-01,4.804021044733257
26,2008-01-03,5.659482215759621
27,2008-01-02,5.37989735354046
28,2008-01-09,5.811140992976701
29,2008-01-08,5.733341276897746
30,2008-02-26,6.0844994130751715
31,2008-02-29,5.976350909297934
32,2008-02-01,6.159095388491933
33,2008-02-02,5.424950017481403
34,2008-02-03,5.420534999272286
35,2008-02-04,5.916202062607435
36,2008-02-05,6.0330862217988015
37,2008-02-06,6.003887067106539
38,2008-02-07,5.8944028342648505
39,2008-02-08,6.0014148779611505
40,2008-02-09,5.5909869805108565
41,2008-02-24,5.799092654460526
42,2008-02-25,6.07073772800249
43,2008-02-22,5.921578419643816
44,2008-02-23,5.53338948872752
45,2008-02-20,6.111467339502679
46,2008-02-21,6.0330862217988015
47,2008-02-27,6.126869184114185
48,2008-02-17,5.517452896464707
49,2008-02-16,5.6131281063880705
50,2008-02-15,5.87493073085203
51,2008-02-14,6.028278520230698
52,2008-02-13,6.040254711277414
53,2008-02-12,6.093569770045136
54,2008-02-11,6.2166061010848646
55,2008-02-10,5.60947179518496
56,2008-02-19,6.173786103901937
57,2008-02-18,6.016157159698354
58,2008-03-14,6.139884552226255
59,2008-03-15,5.673323267171493
60,2008-03-16,5.7430031878094825
61,2008-03-17,6.102558594613569
62,2008-03-10,6.115892125483034
63,2008-03-11,6.182084906716632
64,2008-03-12,6.126869184114185
65,2008-03-13,6.100318952020064
66,2008-03-18,6.0330862217988015
67,2008-03-19,6.210600077024653
68,2008-03-31,6.263398262591624
69,2008-03-30,5.755742213586912
70,2008-03-09,5.713732805509369
71,2008-03-08,5.605802066295998
72,2008-03-02,5.58724865840025
73,2008-03-07,5.932245187448011
74,2008-03-06,5.978885764901122
75,2008-03-05,6.016157159698354
76,2008-03-21,5.945420608606575
77,2008-03-20,6.129050210060545
78,2008-03-23,5.568344503761097
79,2008-03-22,5.602118820879701
80,2008-03-25,6.182084906716632
81,2008-03-24,5.82600010738045
82,2008-03-27,6.104793232414985
83,2008-03-26,6.0473721790462776
84,2008-03-29,5.676753802268282
85,2008-03-28,6.025865973825314
86,2008-04-30,6.263398262591624
87,2008-04-15,6.272877006546167
88,2008-04-14,6.226536669287466
89,2008-04-17,6.263398262591624
90,2008-04-16,6.280395838960195
91,2008-04-11,6.29156913955832
92,2008-04-10,6.154858094016418
93,2008-04-13,5.765191102784844
94,2008-04-12,5.69035945432406
95,2008-04-19,5.638354669333745
96,2008-04-18,6.1092475827643655
97,2008-04-28,6.324358962381311
98,2008-04-29,6.251903883165888
99,2008-04-20,5.66988092298052
100,2008-04-21,6.133398042996649
101,2008-04-22,6.26530121273771
102,2008-04-23,6.1070228877422545
103,2008-04-24,6.182084906716632
104,2008-04-25,6.180016653652572
105,2008-04-26,5.840641657373398
106,2008-04-27,5.768320995793772
107,2008-04-06,5.849324779946859
108,2008-04-07,6.093569770045136
109,2008-04-04,6.042632833682381
110,2008-04-05,5.8522024797744745
111,2008-04-02,6.1070228877422545
112,2008-04-03,6.1903154058531475
113,2008-04-01,6.137727054086234
114,2008-04-08,6.2324480165505225
115,2008-04-09,6.218600119691729
116,2008-05-31,5.204006687076795
117,2008-05-12,6.220590170099739
118,2008-05-13,6.373319789577012
119,2008-05-10,5.998936561946683
120,2008-05-11,6.0330862217988015
121,2008-05-16,5.991464547107982
122,2008-05-17,5.170483995038151
123,2008-05-14,6.3080984415095305
124,2008-05-15,6.095824562432225
125,2008-05-18,5.017279836814924
126,2008-05-19,5.393627546352362
127,2008-05-29,5.666426688112432
128,2008-05-28,5.484796933490655
129,2008-05-23,5.327876168789581
130,2008-05-22,5.365976015021851
131,2008-05-21,5.659482215759621
132,2008-05-20,5.58724865840025
133,2008-05-27,5.583496308781699
134,2008-05-26,5.19295685089021
135,2008-05-25,5.327876168789581
136,2008-05-24,4.976733742420574
137,2008-05-01,6.089044875446846
138,2008-05-03,5.697093486505405
139,2008-05-02,6.173786103901937
140,2008-05-05,6.331501849893691
141,2008-05-04,5.908082938168931
142,2008-05-07,6.246106765481563
143,2008-05-06,6.535241271013659
144,2008-05-09,6.261491684321042
145,2008-05-08,6.2166061010848646
146,2008-05-30,5.7745515455444085
147,2008-06-21,6.967909201801884
148,2008-06-27,7.183870715062453
149,2008-06-24,6.763884908562435
150,2008-06-25,6.931471805599453
151,2008-06-13,6.9975959829819265
152,2008-06-12,6.785587645007929
153,2008-06-11,6.156978985585555
154,2008-06-10,6.156978985585555
155,2008-06-17,7.045776576879511
156,2008-06-16,6.675823221634848
157,2008-06-15,6.688354713946762
158,2008-06-14,7.01571242048723
159,2008-06-30,5.313205979041787
160,2008-06-19,7.064759027791802
161,2008-06-18,7.080867896690782
162,2008-06-28,7.142036574706803
163,2008-06-29,6.246106765481563
164,2008-06-08,5.0689042022202315
165,2008-06-09,5.351858133476067
166,2008-06-04,5.58724865840025
167,2008-06-05,5.666426688112432
168,2008-06-06,5.676753802268282
169,2008-06-07,5.420534999272286
170,2008-06-26,7.191429330036379
171,2008-06-03,5.545177444479562
172,2008-06-22,6.3561076606958915
173,2008-06-23,6.386879319362645
174,2008-06-20,7.1372784372603855
175,2008-07-10,5.583496308781699
176,2008-07-11,5.176149732573829
177,2008-07-12,4.890349128221754
178,2008-07-07,5.908082938168931
179,2008-07-06,5.43372200355424
180,2008-07-05,5.6131281063880705
181,2008-07-04,6.192362489474872
182,2008-07-03,6.363028103540465
183,2008-07-02,6.398594934535208
184,2008-07-09,5.556828061699537
185,2008-07-08,5.652489180268651
186,2008-08-04,6.336825731146441
187,2008-08-31,5.771441123130016
188,2008-08-23,6.126869184114185
189,2008-08-11,6.184148890937483
190,2008-08-10,5.7745515455444085
191,2008-08-13,6.180016653652572
192,2008-08-12,6.251903883165888
193,2008-08-15,6.059123195581797
194,2008-08-14,6.139884552226255
195,2008-08-17,5.673323267171493
196,2008-08-16,5.662960480135946
197,2008-08-19,6.206575926724928
198,2008-08-18,6.104793232414985
199,2008-08-30,5.598421958998375
200,2008-08-02,5.424950017481403
201,2008-08-03,5.955837369464831
202,2008-08-26,6.274762021241939
203,2008-08-01,5.267858159063328
204,2008-08-06,6.255750041753367
205,2008-08-21,6.309918278226516
206,2008-08-22,6.013715156042802
207,2008-08-05,6.329720905522696
208,2008-08-08,6.104793232414985
209,2008-08-09,5.765191102784844
210,2008-08-28,6.38856140554563
211,2008-08-29,6.20050917404269
212,2008-08-24,5.902633333401366
213,2008-08-25,6.320768294250582
214,2008-08-27,6.413458957167357
215,2008-08-20,6.278521424165844
216,2008-08-07,6.263398262591624
217,2008-09-23,5.755742213586912
218,2008-09-02,6.410174881966167
219,2008-09-27,5.8805329864007
220,2008-09-26,5.4638318050256105
221,2008-09-25,5.749392985908253
222,2008-09-24,5.877735781779639
223,2008-09-09,6.091309882077698
224,2008-09-22,5.91350300563827
225,2008-09-21,5.37989735354046
226,2008-09-20,5.771441123130016
227,2008-09-05,6.345636360828596
228,2008-09-04,6.498282149476434
229,2008-09-07,5.802118375377063
230,2008-09-06,5.805134968916488
231,2008-09-01,6.1070228877422545
232,2008-09-03,6.450470422144176
233,2008-09-08,5.771441123130016
234,2008-09-28,5.872117789475416
235,2008-09-30,6.018593214496234
236,2008-09-29,6.236369590203704
237,2008-09-18,6.368187186350492
238,2008-09-19,6.408528791059498
239,2008-09-16,6.336825731146441
240,2008-09-17,6.42648845745769
241,2008-09-14,5.968707559985366
242,2008-09-15,6.3561076606958915
243,2008-09-12,6.380122536899765
244,2008-09-13,5.908082938168931
245,2008-09-10,6.154858094016418
246,2008-09-11,6.2766434893416445
247,2008-10-09,6.322565239927284
248,2008-10-08,6.436150368369428
249,2008-10-03,6.018593214496234
250,2008-10-02,5.68697535633982
251,2008-10-01,5.860786223465865
252,2008-10-07,6.380122536899765
253,2008-10-06,6.302618975744905
254,2008-10-05,5.8971538676367405
255,2008-10-04,5.973809611869261
256,2008-10-20,5.564520407322694
257,2008-10-23,5.5053315359323625
258,2008-10-25,5.017279836814924
259,2008-10-24,5.342334251964811
260,2008-10-27,5.517452896464707
261,2008-10-26,5.1647859739235145
262,2008-10-29,5.3981627015177525
263,2008-10-28,5.5053315359323625
264,2008-10-30,5.476463551931511
265,2008-10-31,5.384495062789089
266,2008-10-14,5.598421958998375
267,2008-10-15,5.717027701406222
268,2008-10-16,5.6131281063880705
269,2008-10-17,5.424950017481403
270,2008-10-10,5.998936561946683
271,2008-10-11,5.293304824724492
272,2008-10-12,5.017279836814924
273,2008-10-13,5.384495062789089
274,2008-10-18,4.990432586778736
275,2008-10-19,4.955827057601261
276,2008-11-28,6.1224928095143865
277,2008-11-29,6.0330862217988015
278,2008-11-17,6.331501849893691
279,2008-11-16,5.877735781779639
280,2008-11-15,5.8971538676367405
281,2008-11-14,6.333279628139691
282,2008-11-13,6.364750756851911
283,2008-11-12,6.516193076042964
284,2008-11-11,6.472346294500901
285,2008-11-10,6.226536669287466
286,2008-11-30,6.0112671744041615
287,2008-11-19,6.453624998892692
288,2008-11-18,6.342121418721152
289,2008-11-26,6.317164686747284
290,2008-11-27,6.295266001439646
291,2008-11-01,5.049856007249537
292,2008-11-02,4.919980925828125
293,2008-11-03,5.298317366548036
294,2008-11-04,5.497168225293202
295,2008-11-05,5.313205979041787
296,2008-11-06,6.612041034833092
297,2008-11-07,5.68697535633982
298,2008-11-08,5.438079308923196
299,2008-11-09,6.082218910376446
300,2008-11-24,6.322565239927284
301,2008-11-25,6.371611847231857
302,2008-11-22,6.089044875446846
303,2008-11-23,6.061456918928017
304,2008-11-20,6.3561076606958915
305,2008-11-21,6.289715570908998
306,2008-12-29,5.988961416889864
307,2008-12-28,5.652489180268651
308,2008-12-27,5.752572638825633
309,2008-12-26,5.638354669333745
310,2008-12-25,5.5254529391317835
311,2008-12-24,5.762051382780177
312,2008-12-23,6.0330862217988015
313,2008-12-22,6.284134161070802
314,2008-12-21,5.7430031878094825
315,2008-12-20,5.645446897643238
316,2008-12-05,6.375024819828097
317,2008-12-04,6.385194398997726
318,2008-12-07,6.163314804034641
319,2008-12-06,6.042632833682381
320,2008-12-01,6.280395838960195
321,2008-12-03,6.398594934535208
322,2008-12-02,6.42648845745769
323,2008-12-09,6.298949246855942
324,2008-12-08,6.306275286948016
325,2008-12-30,5.932245187448011
326,2008-12-31,5.91350300563827
327,2008-12-16,6.257667587882639
328,2008-12-17,6.220590170099739
329,2008-12-14,5.953243334287785
330,2008-12-15,6.234410725718371
331,2008-12-12,6.289715570908998
332,2008-12-13,5.877735781779639
333,2008-12-10,6.336825731146441
334,2008-12-11,6.202535517187923
335,2008-12-18,6.295266001439646
336,2008-12-19,6.194405391104672
337,2009-01-29,6.775366090936392
338,2009-01-19,6.799055862058796
339,2009-01-18,6.270988431858299
340,2009-01-13,7.197435354096591
341,2009-01-12,7.270312886079025
342,2009-01-11,6.710523109452428
343,2009-01-10,6.9411900550683745
344,2009-01-17,6.437751649736401
345,2009-01-16,6.728628613084702
346,2009-01-15,6.742880635791903
347,2009-01-14,6.964135612418245
348,2009-01-31,6.376726947898627
349,2009-01-30,6.693323668269949
350,2009-01-24,6.311734809152915
351,2009-01-22,6.78105762593618
352,2009-01-23,6.566672429803241
353,2009-01-20,6.705639094860003
354,2009-01-21,6.705639094860003
355,2009-01-27,6.684611727667927
356,2009-01-04,6.063785208687608
357,2009-01-05,6.326149473155099
358,2009-01-06,6.238324625039508
359,2009-01-07,8.568646473005153
360,2009-01-26,6.687108607866515
361,2009-01-01,5.556828061699537
362,2009-01-02,5.8522024797744745
363,2009-01-03,5.955837369464831
364,2009-01-28,6.70073110954781
365,2009-01-25,6.263398262591624
366,2009-01-08,8.640648995343156
367,2009-01-09,7.589335823170617
368,2009-02-23,6.654152520183219
369,2009-02-08,6.373319789577012
370,2009-02-09,6.529418838262226
371,2009-02-22,6.26530121273771
372,2009-02-21,6.536691597591305
373,2009-02-20,7.078341579557671
374,2009-02-27,6.647688373563329
375,2009-02-26,6.782192056006791
376,2009-02-25,6.625392368007956
377,2009-02-24,6.626717749249025
378,2009-02-01,6.3561076606958915
379,2009-02-03,6.742880635791903
380,2009-02-02,6.687108607866515
381,2009-02-05,6.774223886357614
382,2009-02-04,6.752270376141742
383,2009-02-07,6.306275286948016
384,2009-02-06,6.759255270663693
385,2009-02-28,6.2324480165505225
386,2009-02-18,6.674561391814426
387,2009-02-19,6.744059186311348
388,2009-02-12,6.582025138892826
389,2009-02-13,6.548219102762372
390,2009-02-10,6.641182169740591
391,2009-02-11,6.727431724850855
392,2009-02-16,6.621405651764134
393,2009-02-17,6.778784897685177
394,2009-02-14,6.1463292576688975
395,2009-02-15,6.240275845170769
396,2009-03-19,6.568077911411976
397,2009-03-18,6.57507584059962
398,2009-03-31,6.095824562432225
399,2009-03-30,5.988961416889864
400,2009-03-15,6.270988431858299
401,2009-03-14,6.184148890937483
402,2009-03-17,6.646390514847729
403,2009-03-16,6.6293632534374485
404,2009-03-11,6.655440350367647
405,2009-03-10,6.651571873589727
406,2009-03-13,6.57507584059962
407,2009-03-12,6.647688373563329
408,2009-03-26,6.542471960506805
409,2009-03-27,6.525029657843462
410,2009-03-28,5.948034989180646
411,2009-03-29,5.5134287461649825
412,2009-03-20,6.593044534142437
413,2009-03-21,6.091309882077698
414,2009-03-22,6.037870919922137
415,2009-03-23,6.618738983517219
416,2009-03-24,6.697034247666484
417,2009-03-25,6.580639137284949
418,2009-03-08,6.272877006546167
419,2009-03-09,6.678342114654332
420,2009-03-06,6.7226297948554485
421,2009-03-07,6.333279628139691
422,2009-03-04,6.955592608396297
423,2009-03-05,6.822197390620491
424,2009-03-02,6.655440350367647
425,2009-03-03,6.678342114654332
426,2009-03-01,6.29156913955832
427,2009-04-18,6.052089168924417
428,2009-04-19,6.077642243349034
429,2009-04-14,6.406879986069314
430,2009-04-15,6.721425700790643
431,2009-04-16,6.54965074223381
432,2009-04-17,6.373319789577012
433,2009-04-10,6.285998094508865
434,2009-04-11,5.961005339623274
435,2009-04-12,5.988961416889864
436,2009-04-13,6.282266746896006
437,2009-04-08,6.54965074223381
438,2009-04-30,6.501289670540389
439,2009-04-23,6.511745329644728
440,2009-04-03,6.369900982828227
441,2009-04-02,6.423246963533519
442,2009-04-01,6.093569770045136
443,2009-04-07,6.52795791762255
444,2009-04-06,6.453624998892692
445,2009-04-05,6.0112671744041615
446,2009-04-04,6.104793232414985
447,2009-04-21,6.456769655572163
448,2009-04-20,6.517671272912275
449,2009-04-09,6.5722825426940075
450,2009-04-22,6.530877627725885
451,2009-04-25,6.259581464064923
452,2009-04-24,6.453624998892692
453,2009-04-27,6.368187186350492
454,2009-04-26,6.175867270105761
455,2009-04-29,6.517671272912275
456,2009-04-28,6.539585955617669
457,2009-05-08,6.520621127558696
458,2009-05-09,6.066108090103747
459,2009-05-01,6.395261598115449
460,2009-05-02,6.003887067106539
461,2009-05-03,6.025865973825314
462,2009-05-04,6.444131256700441
463,2009-05-05,6.522092798170152
464,2009-05-06,6.548219102762372
465,2009-05-07,6.501289670540389
466,2009-05-26,6.739336627357174
467,2009-05-27,6.651571873589727
468,2009-05-24,6.008813185442595
469,2009-05-25,6.298949246855942
470,2009-05-22,6.476972362889683
471,2009-05-23,6.077642243349034
472,2009-05-20,6.591673732008658
473,2009-05-21,6.57507584059962
474,2009-05-28,6.682108597449809
475,2009-05-29,6.476972362889683
476,2009-05-19,6.647688373563329
477,2009-05-18,6.573680166960646
478,2009-05-17,6.218600119691729
479,2009-05-16,6.148468295917647
480,2009-05-15,6.561030665896573
481,2009-05-14,6.618738983517219
482,2009-05-13,6.634633357861686
483,2009-05-12,6.692083742506628
484,2009-05-11,6.570882962339584
485,2009-05-10,6.0063531596017325
486,2009-05-31,6.173786103901937
487,2009-05-30,6.131226489483141
488,2009-06-29,6.46302945692067
489,2009-06-28,6.0063531596017325
490,2009-06-30,6.516193076042964
491,2009-06-18,6.450470422144176
492,2009-06-19,6.320768294250582
493,2009-06-16,6.530877627725885
494,2009-06-17,6.51471269087253
495,2009-06-14,6.042632833682381
496,2009-06-15,6.522092798170152
497,2009-06-12,6.436150368369428
498,2009-06-13,6.054439346269371
499,2009-06-10,6.5638555265321274
500,2009-06-11,6.56244409369372
501,2009-06-23,6.456769655572163
502,2009-06-22,6.343880434126331
503,2009-06-27,5.978885764901122
504,2009-06-26,6.366470447731438
505,2009-06-25,6.473890696352274
506,2009-06-24,6.608000625296087
507,2009-06-09,6.6293632534374485
508,2009-06-08,6.459904454377535
509,2009-06-21,5.981414211254481
510,2009-06-20,5.8888779583328805
511,2009-06-05,6.489204931325317
512,2009-06-04,6.70073110954781
513,2009-06-07,5.981414211254481
514,2009-06-06,6.059123195581797
515,2009-06-01,6.536691597591305
516,2009-06-03,6.6293632534374485
517,2009-06-02,6.652863029353347
518,2009-07-02,6.3784261836515865
519,2009-07-03,6.22455842927536
520,2009-07-24,6.612041034833092
521,2009-07-01,6.511745329644728
522,2009-07-06,6.508769136971682
523,2009-07-07,6.588926477533519
524,2009-07-04,5.929589143389895
525,2009-07-05,5.831882477283517
526,2009-07-08,6.556778356158042
527,2009-07-09,6.476972362889683
528,2009-07-28,6.7661917146603505
529,2009-07-26,6.111467339502679
530,2009-07-27,6.617402977974478
531,2009-07-20,6.601230118728877
532,2009-07-21,6.630683385642372
533,2009-07-25,6.021023349349527
534,2009-07-22,7.212294468500341
535,2009-07-23,6.945051063725834
536,2009-07-31,6.489204931325317
537,2009-07-30,6.731018100482083
538,2009-07-11,5.958424693029782
539,2009-07-10,6.486160788944089
540,2009-07-13,6.455198563340122
541,2009-07-12,5.910796644040527
542,2009-07-15,6.577861357721047
543,2009-07-14,6.472346294500901
544,2009-07-17,6.507277712385012
545,2009-07-16,6.535241271013659
546,2009-07-19,6.042632833682381
547,2009-07-18,6.095824562432225
548,2009-07-29,6.727431724850855
549,2009-08-07,6.513230110912307
550,2009-08-06,6.651571873589727
551,2009-08-05,6.62273632394984
552,2009-08-04,6.660575149839686
553,2009-08-03,6.584791392385716
554,2009-08-02,6.171700597410915
555,2009-08-01,6.139884552226255
556,2009-08-25,6.717804695023691
557,2009-08-24,6.595780513961311
558,2009-08-27,6.70196036600254
559,2009-08-26,6.680854678790215
560,2009-08-21,6.55250788703459
561,2009-08-20,6.593044534142437
562,2009-08-09,6.329720905522696
563,2009-08-08,6.261491684321042
564,2009-08-29,6.327936783729195
565,2009-08-28,6.646390514847729
566,2009-08-10,6.646390514847729
567,2009-08-11,6.661854740545311
568,2009-08-12,6.6052979209482015
569,2009-08-13,6.569481420414296
570,2009-08-14,6.4967749901858625
571,2009-08-15,6.056784013228625
572,2009-08-16,6.148468295917647
573,2009-08-17,6.645090969505644
574,2009-08-18,6.731018100482083
575,2009-08-19,6.642486801367256
576,2009-08-30,6.263398262591624
577,2009-08-31,6.684611727667927
578,2009-08-23,6.093569770045136
579,2009-08-22,6.2166061010848646
580,2009-09-04,6.650279048587422
581,2009-09-28,6.505784060128229
582,2009-09-29,6.71174039505618
583,2009-09-08,6.754604099487962
584,2009-09-09,6.8001700683022
585,2009-09-22,6.720220155135295
586,2009-09-05,6.234410725718371
587,2009-09-20,6.263398262591624
588,2009-09-21,6.532334292222349
589,2009-09-06,6.2166061010848646
590,2009-09-02,6.961296045910167
591,2009-09-03,6.840546529288687
592,2009-09-07,6.566672429803241
593,2009-09-01,6.690842277418564
594,2009-09-24,6.74993119378857
595,2009-09-13,6.306275286948016
596,2009-09-12,6.263398262591624
597,2009-09-11,6.71901315438526
598,2009-09-10,6.805722553416985
599,2009-09-17,6.71174039505618
600,2009-09-16,6.7226297948554485
601,2009-09-15,6.70073110954781
602,2009-09-14,6.748759547491679
603,2009-09-30,6.70196036600254
604,2009-09-19,6.361302477572996
605,2009-09-18,6.763884908562435
606,2009-10-20,6.71174039505618
607,2009-10-21,6.785587645007929
608,2009-10-22,6.739336627357174
609,2009-10-23,6.673297967767654
610,2009-10-24,6.208590026096629
611,2009-10-25,6.261491684321042
612,2009-10-08,6.76849321164863
613,2009-10-09,6.645090969505644
614,2009-10-06,6.638567789166521
615,2009-10-07,6.694562058521095
616,2009-10-04,6.345636360828596
617,2009-10-05,6.5998704992128365
618,2009-10-02,6.8308742346461795
619,2009-10-03,6.249975242259483
620,2009-10-01,6.694562058521095
621,2009-10-26,6.634633357861686
622,2009-10-27,6.705639094860003
623,2009-10-28,6.786716950605081
624,2009-10-29,6.7357800142423265
625,2009-10-19,6.616065185132817
626,2009-10-18,6.20050917404269
627,2009-10-31,6.180016653652572
628,2009-10-30,6.6052979209482015
629,2009-10-17,6.2166061010848646
630,2009-10-11,6.3784261836515865
631,2009-10-10,6.3561076606958915
632,2009-10-13,6.674561391814426
633,2009-10-12,6.669498089857879
634,2009-11-23,6.71901315438526
635,2009-11-08,6.447305862541213
636,2009-11-18,6.57507584059962
637,2009-11-19,6.643789733147672
638,2009-11-12,6.741700694652055
639,2009-11-13,6.672032945461067
640,2009-11-10,6.698268054115413
641,2009-11-11,6.74993119378857
642,2009-11-16,6.739336627357174
643,2009-11-17,6.490723534502507
644,2009-11-14,6.306275286948016
645,2009-11-29,6.255750041753367
646,2009-11-28,6.2285110035911835
647,2009-11-30,6.591673732008658
648,2009-11-09,6.664409020350408
649,2009-11-21,6.230481447578482
650,2009-11-20,6.638567789166521
651,2009-11-27,6.398594934535208
652,2009-11-26,6.380122536899765
653,2009-11-25,6.4692503167957724
654,2009-11-24,6.595780513961311
655,2009-11-01,6.269096283706261
656,2009-11-03,6.787844982309579
657,2009-11-02,6.505784060128229
658,2009-11-05,6.866933284461882
659,2009-11-04,6.849066282633458
660,2009-11-07,6.2766434893416445
661,2009-11-06,6.646390514847729
662,2009-12-04,6.616065185132817
663,2009-12-05,6.126869184114185
664,2009-12-06,6.2285110035911835
665,2009-12-07,6.5337888379333435
666,2009-12-26,5.8377304471659395
667,2009-12-01,6.598509028614515
668,2009-12-02,6.626717749249025
669,2009-12-03,6.626717749249025
670,2009-12-28,6.22455842927536
671,2009-12-29,6.26530121273771
672,2009-12-08,6.473890696352274
673,2009-12-09,6.558197802812269
674,2009-12-22,6.555356891810665
675,2009-12-23,6.4967749901858625
676,2009-12-20,6.052089168924417
677,2009-12-19,6.049733455231958
678,2009-12-21,6.490723534502507
679,2009-12-13,6.2166061010848646
680,2009-12-12,6.249975242259483
681,2009-12-11,6.513230110912307
682,2009-12-10,6.517671272912275
683,2009-12-17,6.593044534142437
684,2009-12-16,6.499787040655854
685,2009-12-15,6.376726947898627
686,2009-12-14,6.42648845745769
687,2009-12-31,6.20050917404269
688,2009-12-30,6.18826412308259
689,2009-12-24,6.025865973825314
690,2009-12-25,5.7899601708972535
691,2009-12-18,6.502790045915623
692,2009-12-27,5.921578419643816
693,2010-01-31,6.48768401848461
694,2010-01-30,6.447305862541213
695,2010-01-11,6.692083742506628
696,2010-01-10,6.478509642208569
697,2010-01-13,6.697034247666484
698,2010-01-12,6.787844982309579
699,2010-01-15,6.816735880594968
700,2010-01-14,6.646390514847729
701,2010-01-17,6.386879319362645
702,2010-01-16,6.304448802421981
703,2010-01-19,6.890609120147166
704,2010-01-18,6.674561391814426
705,2010-01-22,6.85751406254539
706,2010-01-25,6.953684210870537
707,2010-01-20,6.859614903654202
708,2010-01-27,6.88653164253051
709,2010-01-21,6.925595197110468
710,2010-01-02,5.953243334287785
711,2010-01-03,5.968707559985366
712,2010-01-26,6.8658910748834385
713,2010-01-01,5.886104031450156
714,2010-01-06,6.539585955617669
715,2010-01-07,6.75343791859778
716,2010-01-04,6.182084906716632
717,2010-01-05,6.413458957167357
718,2010-01-08,6.579251212010101
719,2010-01-09,6.333279628139691
720,2010-01-28,6.823286122355687
721,2010-01-29,6.767343125265392
722,2010-02-28,6.498282149476434
723,2010-02-03,6.923628628138427
724,2010-02-02,6.851184927493743
725,2010-02-01,6.900730664045173
726,2010-02-07,6.504288173536645
727,2010-02-06,6.502790045915623
728,2010-02-05,6.8885724595653635
729,2010-02-04,6.988413181999592
730,2010-02-21,6.432940092739179
731,2010-02-20,6.561030665896573
732,2010-02-09,6.804614520062624
733,2010-02-22,6.786716950605081
734,2010-02-25,6.78897174299217
735,2010-02-24,6.818924065275521
736,2010-02-27,6.588926477533519
737,2010-02-26,6.744059186311348
738,2010-02-18,6.846943139585379
739,2010-02-19,6.690842277418564
740,2010-02-14,6.342121418721152
741,2010-02-15,6.665683717782408
742,2010-02-16,6.854354502255021
743,2010-02-17,6.7912214627261855
744,2010-02-10,6.903747257584598
745,2010-02-11,6.9584483932976555
746,2010-02-12,6.878326468291325
747,2010-02-13,6.464588303689961
748,2010-03-19,6.776506992372183
749,2010-03-18,6.892641641172089
750,2010-03-17,6.923628628138427
751,2010-03-16,6.784457062637643
752,2010-03-15,6.75343791859778
753,2010-03-14,6.473890696352274
754,2010-03-13,6.621405651764134
755,2010-03-12,6.8690144506657065
756,2010-03-11,6.899723107284872
757,2010-03-10,6.878326468291325
758,2010-03-31,6.82001636467413
759,2010-03-30,6.854354502255021
760,2010-03-08,6.841615476477592
761,2010-03-09,6.878326468291325
762,2010-03-01,6.727431724850855
763,2010-03-02,6.9650803456014065
764,2010-03-03,6.82001636467413
765,2010-03-04,6.902742737158593
766,2010-03-05,7.033506484287697
767,2010-03-06,6.52795791762255
768,2010-03-07,6.492239835020471
769,2010-03-26,6.831953565565855
770,2010-03-27,6.56244409369372
771,2010-03-24,6.763884908562435
772,2010-03-25,6.833031732786201
773,2010-03-22,6.7464121285733745
774,2010-03-23,6.694562058521095
775,2010-03-20,6.498282149476434
776,2010-03-21,6.486160788944089
777,2010-03-28,6.3835066348840055
778,2010-03-29,6.754604099487962
779,2010-04-09,6.774223886357614
780,2010-04-22,6.852242569051878
781,2010-04-21,6.79794041297493
782,2010-04-20,6.851184927493743
783,2010-04-27,7.382746449738912
784,2010-04-26,7.2868764117507
785,2010-04-25,6.57507584059962
786,2010-04-24,6.499787040655854
787,2010-04-01,6.775366090936392
788,2010-04-03,6.3818160174060985
789,2010-04-02,6.650279048587422
790,2010-04-05,6.576469569048224
791,2010-04-04,6.349138991379798
792,2010-04-07,6.84587987526405
793,2010-04-06,6.732210706467206
794,2010-04-28,6.882437470997847
795,2010-04-30,6.943122422819428
796,2010-04-18,6.56244409369372
797,2010-04-19,6.863803391452954
798,2010-04-12,6.893656354602635
799,2010-04-13,6.879355804460439
800,2010-04-10,6.3784261836515865
801,2010-04-11,6.480044561926653
802,2010-04-16,6.821107472256465
803,2010-04-17,6.584791392385716
804,2010-04-14,6.79346613258001
805,2010-04-15,6.799055862058796
806,2010-04-23,6.891625897052253
807,2010-04-29,6.957497370876951
808,2010-04-08,6.78105762593618
809,2010-05-26,6.8966943316227125
810,2010-05-27,6.754604099487962
811,2010-05-28,6.522092798170152
812,2010-05-19,6.5998704992128365
813,2010-05-18,6.539585955617669
814,2010-05-31,6.525029657843462
815,2010-05-29,6.352629396319567
816,2010-05-15,6.55250788703459
817,2010-05-14,6.709304340258298
818,2010-05-17,6.769641976852503
819,2010-05-16,6.380122536899765
820,2010-05-11,6.928537818164665
821,2010-05-10,6.878326468291325
822,2010-05-13,6.587550014824796
823,2010-05-12,6.885509670034818
824,2010-05-20,6.7357800142423265
825,2010-05-21,6.725033642166843
826,2010-05-22,6.519147287940395
827,2010-05-23,6.490723534502507
828,2010-05-24,6.659293919683638
829,2010-05-25,6.762729506931879
830,2010-05-08,6.598509028614515
831,2010-05-09,6.450470422144176
832,2010-05-06,7.060476365999801
833,2010-05-07,7.04141166379481
834,2010-05-04,6.921658184151129
835,2010-05-05,6.937314081223682
836,2010-05-02,6.51471269087253
837,2010-05-03,6.906754778648554
838,2010-05-01,6.586171654854675
839,2010-05-30,6.326149473155099
840,2010-06-09,6.754604099487962
841,2010-06-08,6.814542897259958
842,2010-06-07,6.782192056006791
843,2010-06-06,6.363028103540465
844,2010-06-05,6.548219102762372
845,2010-06-04,6.74993119378857
846,2010-06-03,6.849066282633458
847,2010-06-02,6.846943139585379
848,2010-06-01,6.762729506931879
849,2010-06-25,6.4457198193855785
850,2010-06-24,6.54534966033442
851,2010-06-27,5.111987788356544
852,2010-06-21,6.693323668269949
853,2010-06-20,6.333279628139691
854,2010-06-23,6.601230118728877
855,2010-06-22,6.630683385642372
856,2010-06-29,6.661854740545311
857,2010-06-18,6.630683385642372
858,2010-06-19,6.369900982828227
859,2010-06-10,6.705639094860003
860,2010-06-11,6.261491684321042
861,2010-06-12,4.9344739331306915
862,2010-06-13,4.51085950651685
863,2010-06-14,5.0106352940962555
864,2010-06-15,6.066108090103747
865,2010-06-16,6.293419278846481
866,2010-06-17,6.650279048587422
867,2010-06-30,6.643789733147672
868,2010-07-31,6.617402977974478
869,2010-07-22,6.950814768442584
870,2010-07-23,7.01301578963963
871,2010-07-20,6.9584483932976555
872,2010-07-21,6.725033642166843
873,2010-07-30,6.947937068614969
874,2010-07-27,7.075808863978387
875,2010-07-24,6.5337888379333435
876,2010-07-25,6.542471960506805
877,2010-07-04,6.093569770045136
878,2010-07-06,6.610696044717759
879,2010-07-26,7.048386408721883
880,2010-07-01,6.620073206530356
881,2010-07-02,6.736966958001855
882,2010-07-03,6.171700597410915
883,2010-07-28,7.039660349862076
884,2010-07-29,7.063903961472068
885,2010-07-19,7.116394144093465
886,2010-07-18,6.063785208687608
887,2010-07-13,6.698268054115413
888,2010-07-12,6.551080335043404
889,2010-07-11,6.20050917404269
890,2010-07-17,6.20455776256869
891,2010-07-16,6.594413459749778
892,2010-07-15,6.710523109452428
893,2010-07-14,6.637258031284457
894,2010-08-16,7.110696122978827
895,2010-08-17,7.114769448366463
896,2010-08-14,6.505784060128229
897,2010-08-15,6.591673732008658
898,2010-08-12,7.049254841255837
899,2010-08-13,6.985641817639208
900,2010-08-10,7.142036574706803
901,2010-08-11,7.1785454837637
902,2010-08-18,7.077498053569231
903,2010-08-19,7.101675971619444
904,2010-08-29,6.669498089857879
905,2010-08-28,6.620073206530356
906,2010-08-27,7.022868086082641
907,2010-08-26,7.149916836132109
908,2010-08-25,7.093404625868766
909,2010-08-24,7.154615356913663
910,2010-08-23,7.0587581525186645
911,2010-08-22,6.697034247666484
912,2010-08-21,6.62273632394984
913,2010-08-20,6.934397209928558
914,2010-08-05,7.10085190894405
915,2010-08-04,7.261927092702751
916,2010-08-07,6.75110146893676
917,2010-08-06,7.04141166379481
918,2010-08-01,6.501289670540389
919,2010-08-03,7.480428306074208
920,2010-08-02,7.037027614686276
921,2010-08-09,7.130098510125578
922,2010-08-08,6.590301048196686
923,2010-08-30,7.115582126184454
924,2010-08-31,7.249925536717988
925,2010-09-24,7.165493475060845
926,2010-09-19,6.833031732786201
927,2010-09-18,6.698268054115413
928,2010-09-30,7.201916317531627
929,2010-09-25,6.767343125265392
930,2010-09-11,6.678342114654332
931,2010-09-10,7.0317412587631285
932,2010-09-13,7.189922170745808
933,2010-09-12,6.748759547491679
934,2010-09-15,7.30854279753919
935,2010-09-14,7.266128779556451
936,2010-09-17,7.1853870155804165
937,2010-09-16,7.293017679772782
938,2010-09-27,7.191429330036379
939,2010-09-06,7.028201432058005
940,2010-09-07,7.134890851565884
941,2010-09-04,6.7661917146603505
942,2010-09-23,7.152268856032539
943,2010-09-08,7.312553498102598
944,2010-09-09,7.239214973779806
945,2010-09-28,7.324489979348532
946,2010-09-29,7.262628600974241
947,2010-09-02,7.237059026124737
948,2010-09-03,7.094234845924755
949,2010-09-26,6.816735880594968
950,2010-09-01,7.2456550675945355
951,2010-09-20,7.221835825288449
952,2010-09-21,7.244941546337007
953,2010-09-22,7.180069874302796
954,2010-09-05,6.639875833826536
955,2010-10-24,6.785587645007929
956,2010-10-25,7.199678345691172
957,2010-10-28,7.4073177104694174
958,2010-10-29,7.237778191923443
959,2010-10-08,7.0925737159746784
960,2010-10-09,6.638567789166521
961,2010-10-22,7.157735484249907
962,2010-10-05,7.22983877815125
963,2010-10-20,7.229113877793302
964,2010-10-21,7.213031659834869
965,2010-10-26,7.3752557780097545
966,2010-10-01,7.160845906664299
967,2010-10-02,6.879355804460439
968,2010-10-03,6.790097235513905
969,2010-10-04,7.2633296174768365
970,2010-10-23,6.836259277277067
971,2010-10-06,7.282073658093465
972,2010-10-07,7.203405521083095
973,2010-10-27,7.370860166536716
974,2010-10-13,7.206377291472252
975,2010-10-12,7.220373836723949
976,2010-10-11,7.222566018822171
977,2010-10-10,6.680854678790215
978,2010-10-17,6.8966943316227125
979,2010-10-16,6.900730664045173
980,2010-10-15,7.091742115095153
981,2010-10-14,7.238496840894365
982,2010-10-31,6.884486652042782
983,2010-10-30,6.742880635791903
984,2010-10-19,7.239214973779806
985,2010-10-18,7.108244139731541
986,2010-11-23,7.155396301896734
987,2010-11-22,7.143617602704121
988,2010-11-07,6.921658184151129
989,2010-11-06,6.777646593635117
990,2010-11-05,7.187657164114956
991,2010-11-04,7.313886831633462
992,2010-11-03,7.1459844677143876
993,2010-11-02,7.195937226475569
994,2010-11-01,7.23561914106675
995,2010-11-25,6.915723448631314
996,2010-11-24,7.126890808898808
997,2010-11-27,6.659293919683638
998,2010-11-26,6.9975959829819265
999,2010-11-21,6.779921907472252
1000,2010-11-20,6.810142450115136
1001,2010-11-09,7.218176838403408
1002,2010-11-08,7.166265974133638
1003,2010-11-29,7.05617528410041
1004,2010-11-28,6.717804695023691
1005,2010-11-10,7.285506548522785
1006,2010-11-11,7.221105098182496
1007,2010-11-12,7.1891677384203225
1008,2010-11-13,6.754604099487962
1009,2010-11-14,6.727431724850855
1010,2010-11-15,7.048386408721883
1011,2010-11-16,7.208600337960199
1012,2010-11-17,7.221835825288449
1013,2010-11-18,7.241366283322318
1014,2010-11-19,7.097548850614793
1015,2010-11-30,7.20414929203594
1016,2010-12-31,6.492239835020471
1017,2010-12-30,6.822197390620491
1018,2010-12-15,7.255591274253665
1019,2010-12-14,7.352441100243583
1020,2010-12-17,6.919683849847411
1021,2010-12-16,7.197435354096591
1022,2010-12-11,6.70808408385307
1023,2010-12-10,7.106606137727303
1024,2010-12-13,7.138866999945524
1025,2010-12-12,6.742880635791903
1026,2010-12-19,6.79794041297493
1027,2010-12-18,6.792344427470809
1028,2010-12-28,6.90875477931522
1029,2010-12-29,6.942156705699469
1030,2010-12-20,6.988413181999592
1031,2010-12-21,6.97166860472579
1032,2010-12-22,7.204892510204673
1033,2010-12-23,6.862757913051401
1034,2010-12-24,6.439350371100098
1035,2010-12-25,6.317164686747284
1036,2010-12-26,6.398594934535208
1037,2010-12-27,6.673297967767654
1038,2010-12-06,7.1372784372603855
1039,2010-12-07,7.157735484249907
1040,2010-12-04,6.78332520060396
1041,2010-12-05,6.821107472256465
1042,2010-12-02,7.144407180321139
1043,2010-12-03,7.05444965813294
1044,2010-12-01,7.256297239690681
1045,2010-12-08,7.0925737159746784
1046,2010-12-09,7.164720378771857
1047,2011-01-14,7.1891677384203225
1048,2011-01-15,6.767343125265392
1049,2011-01-16,6.769641976852503
1050,2011-01-17,7.140453043101158
1051,2011-01-10,7.142036574706803
1052,2011-01-11,7.212294468500341
1053,2011-01-12,7.236339342754344
1054,2011-01-13,7.1808311990445555
1055,2011-01-18,7.344072850573066
1056,2011-01-19,7.326465613840322
1057,2011-01-31,7.336285660021297
1058,2011-01-09,6.7357800142423265
1059,2011-01-08,6.739336627357174
1060,2011-01-03,6.975413927455952
1061,2011-01-02,6.620073206530356
1062,2011-01-01,6.466144724237619
1063,2011-01-07,7.074963197966044
1064,2011-01-06,7.035268599281097
1065,2011-01-05,7.071573364211532
1066,2011-01-04,7.040536390215956
1067,2011-01-21,7.168579897264035
1068,2011-01-20,7.313886831633462
1069,2011-01-23,6.8885724595653635
1070,2011-01-22,6.93537044601511
1071,2011-01-25,7.262628600974241
1072,2011-01-24,7.228388451573604
1073,2011-01-27,7.2254814727822945
1074,2011-01-26,7.298445101508147
1075,2011-01-29,6.863803391452954
1076,2011-01-28,7.260522598089852
1077,2011-01-30,6.985641817639208
1078,2011-02-27,6.906754778648554
1079,2011-02-20,6.9167150203536085
1080,2011-02-21,7.275864600546533
1081,2011-02-22,7.2633296174768365
1082,2011-02-23,7.168579897264035
1083,2011-02-19,6.816735880594968
1084,2011-02-18,7.187657164114956
1085,2011-02-11,7.199678345691172
1086,2011-02-10,7.20934025660291
1087,2011-02-13,6.794586580876499
1088,2011-02-12,6.884486652042782
1089,2011-02-15,7.226936018493289
1090,2011-02-14,7.186144304522325
1091,2011-02-17,7.272398392570047
1092,2011-02-16,7.295735072749282
1093,2011-02-08,7.200424892944957
1094,2011-02-09,7.270312886079025
1095,2011-02-28,7.40184157874383
1096,2011-02-02,7.273092595999522
1097,2011-02-03,7.385230923066573
1098,2011-02-26,6.776506992372183
1099,2011-02-01,7.271703706887368
1100,2011-02-06,6.893656354602635
1101,2011-02-07,7.257002707092073
1102,2011-02-04,7.293017679772782
1103,2011-02-05,6.79794041297493
1104,2011-02-24,7.3277805384216315
1105,2011-02-25,7.1459844677143876
1106,2011-03-30,7.282073658093465
1107,2011-03-31,7.359467638255621
1108,2011-03-16,7.246368080102461
1109,2011-03-17,7.175489713624222
1110,2011-03-14,7.208600337960199
1111,2011-03-15,7.234898420314831
1112,2011-03-12,6.841615476477592
1113,2011-03-13,6.912742820493176
1114,2011-03-10,7.326465613840322
1115,2011-03-11,7.192182058713246
1116,2011-03-18,7.10085190894405
1117,2011-03-19,6.818924065275521
1118,2011-03-29,7.232010331664759
1119,2011-03-28,7.2399325913204695
1120,2011-03-27,6.733401891837359
1121,2011-03-26,6.745236349484363
1122,2011-03-25,7.111512116496157
1123,2011-03-24,7.2909747781429814
1124,2011-03-23,7.3395376954076745
1125,2011-03-22,7.289610521451167
1126,2011-03-21,7.213031659834869
1127,2011-03-20,6.771935555839602
1128,2011-03-05,6.8690144506657065
1129,2011-03-04,7.227662498728654
1130,2011-03-07,7.272398392570047
1131,2011-03-06,6.966024187106113
1132,2011-03-01,7.395107546562485
1133,2011-03-03,7.265429723253953
1134,2011-03-02,7.349873704738337
1135,2011-03-09,7.40184157874383
1136,2011-03-08,7.186144304522325
1137,2011-04-13,7.244941546337007
1138,2011-04-12,7.325148957955575
1139,2011-04-11,7.325148957955575
1140,2011-04-10,6.885509670034818
1141,2011-04-17,7.791109510610028
1142,2011-04-16,6.838405200847344
1143,2011-04-15,7.155396301896734
1144,2011-04-14,7.337587743538596
1145,2011-04-30,6.78105762593618
1146,2011-04-19,7.38770923908104
1147,2011-04-18,7.444833273892193
1148,2011-04-29,7.068172000388042
1149,2011-04-22,7.018401799069201
1150,2011-04-23,6.818924065275521
1151,2011-04-27,7.280697195384741
1152,2011-04-20,7.359467638255621
1153,2011-04-28,7.25063551189868
1154,2011-04-21,7.227662498728654
1155,2011-04-08,7.2254814727822945
1156,2011-04-09,6.728628613084702
1157,2011-04-04,7.208600337960199
1158,2011-04-05,7.241366283322318
1159,2011-04-06,7.346655163176539
1160,2011-04-07,7.311886164077165
1161,2011-04-26,7.223295679562314
1162,2011-04-01,7.138866999945524
1163,2011-04-02,6.71295620067707
1164,2011-04-03,6.807934943699926
1165,2011-04-24,6.779921907472252
1166,2011-04-25,7.080026499922591
1167,2011-05-29,6.651571873589727
1168,2011-05-28,6.666956792429207
1169,2011-05-23,7.160069207596127
1170,2011-05-07,6.856461984594587
1171,2011-05-06,7.104144092987527
1172,2011-05-05,7.192182058713246
1173,2011-05-04,7.186901020411631
1174,2011-05-03,7.205635176410364
1175,2011-05-02,7.1569563646156364
1176,2011-05-01,6.775366090936392
1177,2011-05-25,7.190676034332207
1178,2011-05-24,7.1929342212158
1179,2011-05-27,7.069874128458572
1180,2011-05-26,7.202661196523238
1181,2011-05-21,6.678342114654332
1182,2011-05-20,7.1631723908466425
1183,2011-05-09,7.115582126184454
1184,2011-05-22,6.752270376141742
1185,2011-05-10,7.226936018493289
1186,2011-05-11,7.252762418053187
1187,2011-05-12,7.221105098182496
1188,2011-05-13,7.094234845924755
1189,2011-05-14,6.654152520183219
1190,2011-05-15,6.81783057145415
1191,2011-05-16,7.172424577124845
1192,2011-05-17,7.2909747781429814
1193,2011-05-18,7.294377299288821
1194,2011-05-19,7.259819610363186
1195,2011-05-08,6.827629234502852
1196,2011-05-30,6.943122422819428
1197,2011-05-31,7.1693500166706
1198,2011-06-15,7.29641326877392
1199,2011-06-14,7.0707241072602764
1200,2011-06-17,7.170119543449628
1201,2011-06-16,7.241366283322318
1202,2011-06-11,6.672032945461067
1203,2011-06-10,7.0909098220799835
1204,2011-06-13,7.0707241072602764
1205,2011-06-12,6.579251212010101
1206,2011-06-19,6.874198495453294
1207,2011-06-18,6.754604099487962
1208,2011-06-28,7.286191714702382
1209,2011-06-29,7.214504414151143
1210,2011-06-20,7.221835825288449
1211,2011-06-21,7.323170717943469
1212,2011-06-22,7.237778191923443
1213,2011-06-23,7.216709486709457
1214,2011-06-24,7.129297548929373
1215,2011-06-25,6.776506992372183
1216,2011-06-26,6.698268054115413
1217,2011-06-27,7.133295954896068
1218,2011-06-06,7.149916836132109
1219,2011-06-07,7.144407180321139
1220,2011-06-04,6.767343125265392
1221,2011-06-05,6.706862336602747
1222,2011-06-02,7.07326971745971
1223,2011-06-03,7.062191632286556
1224,2011-06-01,7.1770187659099
1225,2011-06-08,7.189922170745808
1226,2011-06-09,7.1204443723924875
1227,2011-06-30,7.066466970136958
1228,2011-07-12,7.278628942320682
1229,2011-07-13,7.155396301896734
1230,2011-07-10,6.647688373563329
1231,2011-07-11,7.104144092987527
1232,2011-07-16,6.720220155135295
1233,2011-07-17,6.74993119378857
1234,2011-07-14,7.197435354096591
1235,2011-07-15,7.001245622069476
1236,2011-07-18,7.20414929203594
1237,2011-07-19,7.264730177929867
1238,2011-07-30,6.687108607866515
1239,2011-07-31,6.697034247666484
1240,2011-07-29,7.086737934510577
1241,2011-07-28,7.186901020411631
1242,2011-07-23,6.654152520183219
1243,2011-07-22,7.039660349862076
1244,2011-07-21,7.122059881629142
1245,2011-07-20,7.204892510204673
1246,2011-07-27,7.232010331664759
1247,2011-07-26,7.232010331664759
1248,2011-07-25,7.15305163493748
1249,2011-07-24,6.635946555686647
1250,2011-07-01,7.086737934510577
1251,2011-07-03,6.584791392385716
1252,2011-07-02,6.725033642166843
1253,2011-07-05,7.130098510125578
1254,2011-07-04,6.9985096422506015
1255,2011-07-07,7.215239978730097
1256,2011-07-06,7.238496840894365
1257,2011-07-09,6.647688373563329
1258,2011-07-08,7.160845906664299
1259,2011-08-26,7.200424892944957
1260,2011-08-27,7.19668657083435
1261,2011-08-24,7.223295679562314
1262,2011-08-25,7.277938572945661
1263,2011-08-22,7.257002707092073
1264,2011-08-23,7.22983877815125
1265,2011-08-20,6.822197390620491
1266,2011-08-21,6.876264611890766
1267,2011-08-28,6.9440872082295275
1268,2011-08-29,7.163946684342547
1269,2011-08-19,7.261225091971921
1270,2011-08-18,7.094234845924755
1271,2011-08-17,7.2305631534092925
1272,2011-08-16,7.160845906664299
1273,2011-08-15,7.027314514039777
1274,2011-08-14,6.75343791859778
1275,2011-08-13,6.720220155135295
1276,2011-08-12,7.02108396428914
1277,2011-08-11,7.218176838403408
1278,2011-08-10,7.186144304522325
1279,2011-08-31,7.2456550675945355
1280,2011-08-30,7.307202314764738
1281,2011-08-08,7.106606137727303
1282,2011-08-09,7.16703787691222
1283,2011-08-01,7.029087564149662
1284,2011-08-02,7.198931240688173
1285,2011-08-03,7.157735484249907
1286,2011-08-04,7.1929342212158
1287,2011-08-05,7.158513997329321
1288,2011-08-06,6.78897174299217
1289,2011-08-07,6.699500340161678
1290,2011-09-29,7.282761179605593
1291,2011-09-18,6.806829360392176
1292,2011-09-19,7.228388451573604
1293,2011-09-28,7.199678345691172
1294,2011-09-14,7.157735484249907
1295,2011-09-15,7.258412150595307
1296,2011-09-16,7.1459844677143876
1297,2011-09-17,7.004881989712859
1298,2011-09-10,6.957497370876951
1299,2011-09-11,6.825460036255307
1300,2011-09-12,7.086737934510577
1301,2011-09-13,7.183111701743281
1302,2011-09-23,7.173958319756794
1303,2011-09-03,6.866933284461882
1304,2011-09-01,7.271703706887368
1305,2011-09-22,7.27931883541462
1306,2011-09-07,7.221105098182496
1307,2011-09-06,7.228388451573604
1308,2011-09-05,7.027314514039777
1309,2011-09-04,6.844815479208263
1310,2011-09-21,7.1569563646156364
1311,2011-09-20,7.193685818395112
1312,2011-09-09,7.306531398939505
1313,2011-09-08,7.242082359256962
1314,2011-09-25,6.860663671448287
1315,2011-09-24,7.084226422097916
1316,2011-09-27,7.234898420314831
1317,2011-09-26,7.177782416195197
1318,2011-09-30,7.259116128097101
1319,2011-10-01,7.036148493750536
1320,2011-10-03,7.31455283232408
1321,2011-10-02,6.928537818164665
1322,2011-10-05,7.407924322559599
1323,2011-10-04,7.475339236566737
1324,2011-10-07,7.29641326877392
1325,2011-10-06,7.305188215393037
1326,2011-10-09,7.013915474810528
1327,2011-10-08,7.062191632286556
1328,2011-10-30,6.988413181999592
1329,2011-10-31,7.302496423727326
1330,2011-10-12,7.3632795869630385
1331,2011-10-13,7.447751280047908
1332,2011-10-10,7.241366283322318
1333,2011-10-11,7.370230641807081
1334,2011-10-16,6.905753276311464
1335,2011-10-17,7.336936913707618
1336,2011-10-14,7.472500744737558
1337,2011-10-15,7.01571242048723
1338,2011-10-18,7.363913501405819
1339,2011-10-19,7.352441100243583
1340,2011-10-29,6.910750787961936
1341,2011-10-28,7.293017679772782
1342,2011-10-23,6.926577033222725
1343,2011-10-22,6.882437470997847
1344,2011-10-21,7.266827347520591
1345,2011-10-27,7.4205789054108005
1346,2011-10-26,7.423568444259167
1347,2011-10-25,7.258412150595307
1348,2011-10-24,7.243512974665482
1349,2011-11-06,7.047517221357296
1350,2011-11-07,7.3833681469923835
1351,2011-11-04,7.360103972989152
1352,2011-11-05,6.945051063725834
1353,2011-11-02,7.515344571180436
1354,2011-11-03,7.432483807917119
1355,2011-11-01,7.3938782901077555
1356,2011-11-08,7.4673710669175595
1357,2011-11-09,7.463936604468925
1358,2011-11-30,7.40184157874383
1359,2011-11-15,7.475905969367397
1360,2011-11-14,7.409741954080923
1361,2011-11-17,7.484930283289661
1362,2011-11-16,7.500529485395295
1363,2011-11-11,7.353081920515432
1364,2011-11-10,7.499423290592229
1365,2011-11-13,7.089243155027514
1366,2011-11-12,6.9874902470009905
1367,2011-11-19,7.104144092987527
1368,2011-11-18,7.325148957955575
1369,2011-11-28,7.484930283289661
1370,2011-11-29,7.503289630675082
1371,2011-11-20,6.984716320118266
1372,2011-11-21,7.358193752733032
1373,2011-11-22,7.454141078146678
1374,2011-11-23,7.3796321526095525
1375,2011-11-24,7.283448228756631
1376,2011-11-25,7.164720378771857
1377,2011-11-26,7.00850518208228
1378,2011-11-27,7.033506484287697
1379,2011-12-29,7.142827401161621
1380,2011-12-10,7.590346945602565
1381,2011-12-11,7.2399325913204695
1382,2011-12-12,7.3427791893318455
1383,2011-12-13,7.4205789054108005
1384,2011-12-14,7.399398083331354
1385,2011-12-15,7.411556287811163
1386,2011-12-16,7.2991214627108
1387,2011-12-17,6.934397209928558
1388,2011-12-18,6.893656354602635
1389,2011-12-19,7.259819610363186
1390,2011-12-30,6.925595197110468
1391,2011-12-28,7.183870715062453
1392,2011-12-23,4.07753744390572
1393,2011-12-31,6.725033642166843
1394,2011-12-26,6.093569770045136
1395,2011-12-07,7.45876269238096
1396,2011-12-06,7.3777589082278725
1397,2011-12-05,7.438383530044307
1398,2011-12-04,7.080867896690782
1399,2011-12-03,7.0925737159746784
1400,2011-12-02,7.340186835320115
1401,2011-12-01,7.465655310134056
1402,2011-12-27,7.069023426578259
1403,2011-12-08,7.417580402414544
1404,2011-12-21,7.251344983372214
1405,2011-12-20,7.239214973779806
1406,2011-12-09,7.2991214627108
1407,2011-12-22,7.189922170745808
1408,2012-01-01,6.675823221634848
1409,2012-01-02,7.194436851100335
1410,2012-01-03,7.362645270417825
1411,2012-01-04,7.396948602621014
1412,2012-01-05,7.374629015218945
1413,2012-01-06,7.247080584585756
1414,2012-01-07,7.010311867307229
1415,2012-01-08,7.07326971745971
1416,2012-01-09,7.4377951216719325
1417,2012-01-24,7.491645473605133
1418,2012-01-25,7.587310506022615
1419,2012-01-22,7.122866658599083
1420,2012-01-23,7.402451520818244
1421,2012-01-20,7.447751280047908
1422,2012-01-21,7.1049654482698426
1423,2012-01-17,7.45298232946546
1424,2012-01-16,7.344072850573066
1425,2012-01-15,7.095893221097532
1426,2012-01-14,7.267525427828172
1427,2012-01-13,7.488852955733459
1428,2012-01-12,7.4999765409521215
1429,2012-01-11,7.582738488914411
1430,2012-01-10,7.563200592358071
1431,2012-01-29,7.103322062526113
1432,2012-01-31,7.4489161025442
1433,2012-01-30,7.4205789054108005
1434,2012-01-19,7.518607216815252
1435,2012-01-18,7.510977752014095
1436,2012-01-26,7.541683099882111
1437,2012-01-27,7.382124365737512
1438,2012-01-28,7.062191632286556
1439,2012-02-05,7.126087273299125
1440,2012-02-04,7.0967213784947605
1441,2012-02-07,7.636752112435779
1442,2012-02-06,7.489412083508719
1443,2012-02-01,7.456454555176209
1444,2012-02-03,7.421177528595393
1445,2012-02-02,7.592366128519796
1446,2012-02-09,7.556427969440253
1447,2012-02-08,7.615298339825815
1448,2012-02-16,7.580189417944541
1449,2012-02-17,7.5256399750415355
1450,2012-02-14,7.552762084214147
1451,2012-02-15,7.524021415206125
1452,2012-02-12,7.037027614686276
1453,2012-02-13,7.4570320891223805
1454,2012-02-10,7.496652438168283
1455,2012-02-11,7.067319848653476
1456,2012-02-18,7.063903961472068
1457,2012-02-19,7.1180162044653335
1458,2012-02-29,7.535830462798367
1459,2012-02-28,7.528331766707247
1460,2012-02-27,7.47477218239787
1461,2012-02-26,7.044032897274685
1462,2012-02-25,6.9957661563048505
1463,2012-02-24,7.3752557780097545
1464,2012-02-23,7.507690077819904
1465,2012-02-22,7.4977617006225685
1466,2012-02-21,7.487733761436444
1467,2012-02-20,7.410347097821024
1468,2012-03-24,6.805722553416985
1469,2012-03-08,7.422971251049421
1470,2012-03-09,7.413970290190444
1471,2012-03-28,7.438971592395862
1472,2012-03-29,7.357556200910353
1473,2012-03-25,6.911747300251674
1474,2012-03-02,7.4360278163518485
1475,2012-03-03,6.9865664594064265
1476,2012-03-26,7.372118028337787
1477,2012-03-01,7.503289630675082
1478,2012-03-20,7.3901814282264295
1479,2012-03-21,7.4205789054108005
1480,2012-03-22,7.349873704738337
1481,2012-03-05,7.400009517162692
1482,2012-03-27,7.385851078125209
1483,2012-03-06,7.486613313139955
1484,2012-03-07,7.528331766707247
1485,2012-03-04,7.034387929915503
1486,2012-03-23,7.259819610363186
1487,2012-03-19,7.438971592395862
1488,2012-03-18,6.968850378341948
1489,2012-03-31,7.024649030453636
1490,2012-03-30,7.360103972989152
1491,2012-03-11,7.0587581525186645
1492,2012-03-10,7.052721049232323
1493,2012-03-13,7.494430215031565
1494,2012-03-12,7.4821189235521155
1495,2012-03-15,7.425357887027151
1496,2012-03-14,7.4318919168078
1497,2012-03-17,7.004881989712859
1498,2012-03-16,7.305188215393037
1499,2012-04-23,7.463936604468925
1500,2012-04-22,7.005789019253503
1501,2012-04-07,6.843749949006225
1502,2012-04-06,7.163946684342547
1503,2012-04-05,7.349873704738337
1504,2012-04-04,7.3914152346753585
1505,2012-04-03,7.455298485683291
1506,2012-04-02,7.366445148327599
1507,2012-04-01,7.00397413672268
1508,2012-04-25,7.356279876550748
1509,2012-04-24,7.4109518755836366
1510,2012-04-27,7.304515946460155
1511,2012-04-26,7.451241684987676
1512,2012-04-21,7.122866658599083
1513,2012-04-20,7.467942332285852
1514,2012-04-09,7.218176838403408
1515,2012-04-08,6.9975959829819265
1516,2012-04-29,6.985641817639208
1517,2012-04-28,6.891625897052253
1518,2012-04-10,7.456454555176209
1519,2012-04-11,7.394493107219038
1520,2012-04-12,7.400009517162692
1521,2012-04-13,7.385230923066573
1522,2012-04-14,6.912742820493176
1523,2012-04-15,6.994849985833071
1524,2012-04-16,7.377133712833954
1525,2012-04-17,7.413970290190444
1526,2012-04-18,7.45298232946546
1527,2012-04-19,7.430114138561801
1528,2012-05-24,7.531552381407289
1529,2012-05-25,7.3395376954076745
1530,2012-05-28,7.2254814727822945
1531,2012-05-29,7.4570320891223805
1532,2012-05-08,7.40184157874383
1533,2012-05-09,7.467942332285852
1534,2012-05-22,7.3987862754199485
1535,2012-05-05,6.939253946041508
1536,2012-05-20,6.990256500493881
1537,2012-05-21,7.326465613840322
1538,2012-05-26,7.167809184316444
1539,2012-05-01,7.301147805856032
1540,2012-05-02,7.43543801981455
1541,2012-05-03,7.381501894506707
1542,2012-05-04,7.303843225277705
1543,2012-05-23,7.516977224604321
1544,2012-05-06,6.926577033222725
1545,2012-05-07,7.400620577371135
1546,2012-05-27,7.079184394609668
1547,2012-05-13,6.899723107284872
1548,2012-05-12,6.967909201801884
1549,2012-05-11,7.373374309910049
1550,2012-05-10,7.404279118037268
1551,2012-05-17,7.382124365737512
1552,2012-05-16,7.43543801981455
1553,2012-05-15,7.479299637782834
1554,2012-05-14,7.367077059881012
1555,2012-05-31,7.406103381237015
1556,2012-05-30,7.43307534889858
1557,2012-05-19,6.846943139585379
1558,2012-05-18,7.302496423727326
1559,2012-06-29,7.3537223303996315
1560,2012-06-28,7.443078374348516
1561,2012-06-23,6.98933526597456
1562,2012-06-22,7.3758821482150125
1563,2012-06-21,7.476472381163905
1564,2012-06-20,7.437206366871292
1565,2012-06-27,7.475905969367397
1566,2012-06-26,7.4570320891223805
1567,2012-06-25,7.393263094763838
1568,2012-06-24,7.009408932708637
1569,2012-06-01,7.321188556739478
1570,2012-06-03,6.982862751468942
1571,2012-06-02,7.037905963447182
1572,2012-06-05,7.614312146452
1573,2012-06-04,7.4067107301776405
1574,2012-06-07,7.455298485683291
1575,2012-06-06,7.508787170634276
1576,2012-06-09,6.9650803456014065
1577,2012-06-08,7.403061091090091
1578,2012-06-30,6.877296071497429
1579,2012-06-12,7.550661243105336
1580,2012-06-13,7.488852955733459
1581,2012-06-10,7.074963197966044
1582,2012-06-11,7.455876687491824
1583,2012-06-16,6.988413181999592
1584,2012-06-17,7.009408932708637
1585,2012-06-14,7.543273346705446
1586,2012-06-15,7.721791776817535
1587,2012-06-18,7.405495663199472
1588,2012-06-19,7.449498005382849
1589,2012-07-31,7.472500744737558
1590,2012-07-30,7.362010551259734
1591,2012-07-15,6.970730078143525
1592,2012-07-14,7.052721049232323
1593,2012-07-17,7.52131798019924
1594,2012-07-16,7.43307534889858
1595,2012-07-11,7.4977617006225685
1596,2012-07-10,7.518607216815252
1597,2012-07-13,7.399398083331354
1598,2012-07-12,7.512071245835466
1599,2012-07-19,7.463363045520021
1600,2012-07-18,7.544861068658458
1601,2012-07-28,6.858565034791365
1602,2012-07-29,6.967909201801884
1603,2012-07-20,7.40184157874383
1604,2012-07-21,7.05617528410041
1605,2012-07-22,6.961296045910167
1606,2012-07-23,7.4073177104694174
1607,2012-07-24,7.518064181233078
1608,2012-07-25,7.57095858316901
1609,2012-07-26,7.558516743045645
1610,2012-07-27,7.400009517162692
1611,2012-07-06,7.540090320145325
1612,2012-07-07,7.126087273299125
1613,2012-07-04,7.325807502595773
1614,2012-07-05,7.473069088032197
1615,2012-07-02,7.324489979348532
1616,2012-07-03,7.409741954080923
1617,2012-07-01,7.069874128458572
1618,2012-07-08,6.996681488176539
1619,2012-07-09,7.5352967024440884
1620,2012-08-31,7.346010209913293
1621,2012-08-29,7.510977752014095
1622,2012-08-28,7.601901959875166
1623,2012-08-18,6.932447891572509
1624,2012-08-19,6.948897222313312
1625,2012-08-14,7.47477218239787
1626,2012-08-15,7.364547014255642
1627,2012-08-16,7.397561535524052
1628,2012-08-17,7.352441100243583
1629,2012-08-10,7.291656209174461
1630,2012-08-11,7.017506142941256
1631,2012-08-12,6.943122422819428
1632,2012-08-13,7.434847875211999
1633,2012-08-23,7.4815557019095165
1634,2012-08-08,7.453561871643373
1635,2012-08-30,7.502186486602924
1636,2012-08-03,7.333676395657684
1637,2012-08-02,7.372118028337787
1638,2012-08-01,7.428927194802272
1639,2012-08-07,7.379008127628304
1640,2012-08-06,7.282761179605593
1641,2012-08-05,6.93828448401696
1642,2012-08-04,6.852242569051878
1643,2012-08-21,7.533693709848633
1644,2012-08-20,7.497207223203318
1645,2012-08-09,7.442492722794441
1646,2012-08-22,7.493873886783559
1647,2012-08-25,7.065613363597717
1648,2012-08-24,7.43307534889858
1649,2012-08-27,7.529406457837013
1650,2012-08-26,6.981934677156389
1651,2012-09-08,7.183870715062453
1652,2012-09-09,7.234177179749849
1653,2012-09-01,7.044032897274685
1654,2012-09-02,7.247080584585756
1655,2012-09-03,7.536363938404511
1656,2012-09-04,7.704811922932594
1657,2012-09-05,7.698936199813447
1658,2012-09-06,7.658227526161352
1659,2012-09-07,7.605890001053122
1660,2012-09-26,7.7306140660637395
1661,2012-09-27,7.793586803371584
1662,2012-09-24,7.77485576666552
1663,2012-09-25,7.756195343948118
1664,2012-09-22,7.1276936993473985
1665,2012-09-23,7.301822342137932
1666,2012-09-20,7.662937850461535
1667,2012-09-21,7.597396320212795
1668,2012-09-28,7.692113339595466
1669,2012-09-29,7.352441100243583
1670,2012-09-19,7.653494909661253
1671,2012-09-18,7.631431664576906
1672,2012-09-17,7.571473648851271
1673,2012-09-16,7.136483208590247
1674,2012-09-15,7.1846291527173145
1675,2012-09-14,7.560080465021827
1676,2012-09-13,7.71244383427499
1677,2012-09-12,7.68662133494462
1678,2012-09-11,7.796057974316123
1679,2012-09-10,7.660585461703256
1680,2012-09-30,7.553810852008231
1681,2012-10-19,7.647786045440933
1682,2012-10-18,7.717351272185329
1683,2012-10-31,7.67368812926773
1684,2012-10-30,7.711101251840158
1685,2012-10-25,7.750614732770409
1686,2012-10-11,7.7752758464868625
1687,2012-10-10,7.699389406256737
1688,2012-10-13,7.224753405767971
1689,2012-10-12,7.57095858316901
1690,2012-10-15,7.766840537085513
1691,2012-10-14,7.203405521083095
1692,2012-10-17,7.7501841622578365
1693,2012-10-16,7.7886260656250315
1694,2012-10-27,7.23561914106675
1695,2012-10-06,7.242082359256962
1696,2012-10-07,7.2633296174768365
1697,2012-10-04,7.697575346802343
1698,2012-10-23,7.763871287820222
1699,2012-10-08,7.629489916393995
1700,2012-10-09,7.7406644019172415
1701,2012-10-24,7.818027938530729
1702,2012-10-29,7.640603826393634
1703,2012-10-02,7.687997166393016
1704,2012-10-03,7.704811922932594
1705,2012-10-26,7.653020413804189
1706,2012-10-01,7.8528278122817445
1707,2012-10-20,7.232733136177615
1708,2012-10-21,7.45182223652793
1709,2012-10-22,7.708410667257367
1710,2012-10-05,7.592870287844818
1711,2012-10-28,7.3310603052186325
1712,2012-11-16,7.559038255443384
1713,2012-11-17,7.2875606403097235
1714,2012-11-14,7.690286020676768
1715,2012-11-15,7.697575346802343
1716,2012-11-12,7.665284718471351
1717,2012-11-13,7.674617497364363
1718,2012-11-10,7.291656209174461
1719,2012-11-11,7.242082359256962
1720,2012-11-18,7.207118856207756
1721,2012-11-19,7.644440761556566
1722,2012-11-29,7.764296006450518
1723,2012-11-28,7.647308832356238
1724,2012-11-27,7.745002803515839
1725,2012-11-26,7.647308832356238
1726,2012-11-25,7.266827347520591
1727,2012-11-24,7.258412150595307
1728,2012-11-23,7.529406457837013
1729,2012-11-22,7.484368643286131
1730,2012-11-21,7.571473648851271
1731,2012-11-20,7.679251425953058
1732,2012-11-05,7.660585461703256
1733,2012-11-04,7.310550158534422
1734,2012-11-07,7.620214770574455
1735,2012-11-06,7.718240951959316
1736,2012-11-01,7.614312146452
1737,2012-11-03,7.249925536717988
1738,2012-11-02,7.497207223203318
1739,2012-11-09,7.708859601047175
1740,2012-11-08,7.700747794511798
1741,2012-11-30,7.57198844937744
1742,2012-12-29,7.171656822768514
1743,2012-12-17,7.733245646529795
1744,2012-12-16,7.360103972989152
1745,2012-12-15,7.323170717943469
1746,2012-12-14,7.616283561580385
1747,2012-12-13,7.690743163541872
1748,2012-12-12,7.731053144007127
1749,2012-12-11,7.749322464660356
1750,2012-12-10,7.721791776817535
1751,2012-12-31,7.237778191923443
1752,2012-12-30,7.223295679562314
1753,2012-12-19,7.716460800176355
1754,2012-12-18,7.683403681053826
1755,2012-12-01,7.254177846456518
1756,2012-12-02,7.253470382684528
1757,2012-12-03,7.65728279297819
1758,2012-12-04,7.701652362642226
1759,2012-12-05,8.037220031133012
1760,2012-12-06,8.2409125416889
1761,2012-12-07,7.8343923029104365
1762,2012-12-08,7.352441100243583
1763,2012-12-09,7.374001859350161
1764,2012-12-24,7.203405521083095
1765,2012-12-25,7.134093721192866
1766,2012-12-22,7.20934025660291
1767,2012-12-23,7.201916317531627
1768,2012-12-20,7.709756864454165
1769,2012-12-21,7.531552381407289
1770,2012-12-26,7.338238150065589
1771,2012-12-27,7.384610383176974
1772,2012-12-28,7.367708572374371
1773,2013-01-12,7.436617265234227
1774,2013-01-13,7.385851078125209
1775,2013-01-10,8.066835314417336
1776,2013-01-11,7.822044008185619
1777,2013-01-16,7.892078421248119
1778,2013-01-17,7.922623574217286
1779,2013-01-14,7.875119281040293
1780,2013-01-15,7.914617709040679
1781,2013-01-30,7.982757702011113
1782,2013-01-18,7.796057974316123
1783,2013-01-19,7.390798521735676
1784,2013-01-31,7.891330757661889
1785,2013-01-29,7.9269635448629785
1786,2013-01-28,7.902487437162855
1787,2013-01-23,7.954021087278037
1788,2013-01-22,7.9817332866918855
1789,2013-01-21,7.890956716138919
1790,2013-01-20,7.523481312573497
1791,2013-01-27,7.51425465281641
1792,2013-01-26,7.494430215031565
1793,2013-01-25,7.934871565945177
1794,2013-01-24,7.938802248154481
1795,2013-01-01,7.149131598557407
1796,2013-01-03,7.882314918980268
1797,2013-01-02,7.8168199657645525
1798,2013-01-05,7.57198844937744
1799,2013-01-04,7.828436359157585
1800,2013-01-07,7.990576881743923
1801,2013-01-06,7.5822291942764615
1802,2013-01-09,8.14002395246292
1803,2013-01-08,8.143226750367445
1804,2013-02-24,7.4360278163518485
1805,2013-02-25,7.792348924113037
1806,2013-02-13,7.799753318287247
1807,2013-02-12,7.917900586327916
1808,2013-02-11,7.806696372521179
1809,2013-02-10,7.380879035564116
1810,2013-02-17,7.440733707389261
1811,2013-02-16,7.469083884921234
1812,2013-02-15,7.80016307039296
1813,2013-02-14,7.789454566086673
1814,2013-02-19,7.822044008185619
1815,2013-02-18,7.742402021815782
1816,2013-02-04,7.88193748927207
1817,2013-02-23,7.405495663199472
1818,2013-02-06,7.936302693201959
1819,2013-02-07,7.88193748927207
1820,2013-02-27,7.906915488678587
1821,2013-02-28,7.893945138235959
1822,2013-02-08,7.83002808253384
1823,2013-02-09,7.405495663199472
1824,2013-02-22,7.716906135298388
1825,2013-02-05,7.893572073504902
1826,2013-02-20,7.895063498091573
1827,2013-02-21,7.848543482456679
1828,2013-02-26,7.838737559599282
1829,2013-02-01,7.842278779117352
1830,2013-02-02,7.44600149832412
1831,2013-02-03,7.491645473605133
1832,2013-03-23,7.429520842786462
1833,2013-03-22,7.698029170272805
1834,2013-03-10,7.4127640174265625
1835,2013-03-11,7.796469243086058
1836,2013-03-12,7.912789220690681
1837,2013-03-13,7.786551806428712
1838,2013-03-14,7.872836175025724
1839,2013-03-15,7.812782818577581
1840,2013-03-16,7.428333194190806
1841,2013-03-17,7.407924322559599
1842,2013-03-18,7.8083230503910555
1843,2013-03-19,7.785305182539862
1844,2013-03-30,7.274479558773871
1845,2013-03-31,7.382124365737512
1846,2013-03-29,7.577121930876679
1847,2013-03-28,7.7886260656250315
1848,2013-03-07,7.8328075165248645
1849,2013-03-06,7.847371836159788
1850,2013-03-05,7.870547844507712
1851,2013-03-04,7.853216388156072
1852,2013-03-03,7.4570320891223805
1853,2013-03-02,7.468513271496337
1854,2013-03-01,7.854381210652365
1855,2013-03-25,7.804251383528112
1856,2013-03-24,7.459914766241105
1857,2013-03-27,7.741967899820685
1858,2013-03-26,7.837554360881084
1859,2013-03-21,7.824845691026856
1860,2013-03-20,7.876638460975463
1861,2013-03-09,7.387090235656757
1862,2013-03-08,7.731930721948486
1863,2013-04-19,7.584773077612199
1864,2013-04-18,7.6362696033793735
1865,2013-04-30,7.694392802629421
1866,2013-04-25,7.748028524432376
1867,2013-04-11,7.741099090035366
1868,2013-04-10,7.673223121121708
1869,2013-04-13,7.180069874302796
1870,2013-04-12,7.591357046698551
1871,2013-04-15,7.738923757439457
1872,2013-04-14,7.282073658093465
1873,2013-04-17,7.711548979629146
1874,2013-04-16,7.850882664809852
1875,2013-04-27,7.241366283322318
1876,2013-04-06,7.269616749608169
1877,2013-04-07,7.331714969726466
1878,2013-04-04,7.755338812846501
1879,2013-04-23,7.759614150696903
1880,2013-04-08,7.769378609513984
1881,2013-04-09,7.775695749915245
1882,2013-04-28,7.261927092702751
1883,2013-04-29,7.732369222284388
1884,2013-04-02,7.774015077250727
1885,2013-04-03,7.84971375760487
1886,2013-04-26,7.6324011266014535
1887,2013-04-01,7.618251097876695
1888,2013-04-20,7.126890808898808
1889,2013-04-21,7.299797366758161
1890,2013-04-22,7.7142311448490855
1891,2013-04-05,7.814399633804487
1892,2013-04-24,7.772331575169614
1893,2013-05-16,7.7057128238944275
1894,2013-05-17,7.5411524551363085
1895,2013-05-14,7.659642954564682
1896,2013-05-15,7.682021510826875
1897,2013-05-12,7.198931240688173
1898,2013-05-13,7.685243607975833
1899,2013-05-10,7.528869256642251
1900,2013-05-11,7.138073034044347
1901,2013-05-18,7.143617602704121
1902,2013-05-19,7.201916317531627
1903,2013-05-29,7.708410667257367
1904,2013-05-28,7.693025748417888
1905,2013-05-27,7.454719949364001
1906,2013-05-26,7.124478262493424
1907,2013-05-25,7.0909098220799835
1908,2013-05-24,7.519149957669823
1909,2013-05-23,7.692569648067906
1910,2013-05-22,7.741533589281828
1911,2013-05-21,7.685243607975833
1912,2013-05-20,7.543273346705446
1913,2013-05-05,7.232010331664759
1914,2013-05-04,7.142036574706803
1915,2013-05-07,7.62608275807238
1916,2013-05-06,7.590852123688581
1917,2013-05-01,7.53689712956617
1918,2013-05-03,7.5953872788539725
1919,2013-05-02,7.684324067681155
1920,2013-05-09,7.566311014772463
1921,2013-05-08,7.647308832356238
1922,2013-05-30,7.638679823876112
1923,2013-05-31,7.554858521040676
1924,2013-06-29,7.074116816197362
1925,2013-06-17,7.721791776817535
1926,2013-06-16,7.201170883281678
1927,2013-06-15,7.122866658599083
1928,2013-06-14,7.558516743045645
1929,2013-06-13,7.641084249174914
1930,2013-06-12,7.773173680482536
1931,2013-06-11,7.6838639802564295
1932,2013-06-10,7.642524134232902
1933,2013-06-30,7.1284959456800365
1934,2013-06-19,7.696667081526462
1935,2013-06-18,7.740229524763182
1936,2013-06-01,7.152268856032539
1937,2013-06-02,7.093404625868766
1938,2013-06-03,7.672292455628756
1939,2013-06-04,7.68017564043659
1940,2013-06-05,7.655864017616056
1941,2013-06-06,7.682943169878292
1942,2013-06-07,7.59488438721652
1943,2013-06-08,7.0630481633881725
1944,2013-06-09,7.1785454837637
1945,2013-06-24,7.634820677745543
1946,2013-06-25,7.723120092266331
1947,2013-06-22,7.037027614686276
1948,2013-06-23,7.1372784372603855
1949,2013-06-20,7.6487397889562425
1950,2013-06-21,7.546974117516527
1951,2013-06-26,7.690286020676768
1952,2013-06-27,7.700295203420117
1953,2013-06-28,7.495541943884256
1954,2013-07-09,7.738488122494646
1955,2013-07-08,7.575584651557793
1956,2013-07-03,7.612336837167746
1957,2013-07-02,7.715569534520208
1958,2013-07-01,7.602401335665818
1959,2013-07-07,7.10002716662926
1960,2013-07-06,7.063903961472068
1961,2013-07-05,7.356279876550748
1962,2013-07-04,7.4770384723196965
1963,2013-07-21,7.010311867307229
1964,2013-07-20,7.095064377287131
1965,2013-07-22,7.532623618788788
1966,2013-07-25,7.472500744737558
1967,2013-07-24,6.656726524178391
1968,2013-07-27,6.915723448631314
1969,2013-07-26,7.430114138561801
1970,2013-07-29,7.475905969367397
1971,2013-07-28,6.985641817639208
1972,2013-07-30,7.531552381407289
1973,2013-07-31,7.465082736399547
1974,2013-07-14,7.183111701743281
1975,2013-07-15,7.653969180478774
1976,2013-07-16,7.601901959875166
1977,2013-07-17,7.669961995473577
1978,2013-07-10,7.631431664576906
1979,2013-07-11,7.642044402873258
1980,2013-07-12,7.529406457837013
1981,2013-07-13,6.999422467507961
1982,2013-07-18,7.594381242551817
1983,2013-07-19,7.445417556701687
1984,2013-08-26,7.51479976048867
1985,2013-08-27,7.54274354536855
1986,2013-08-28,7.570443252057374
1987,2013-08-19,7.446585099157725
1988,2013-08-18,7.052721049232323
1989,2013-08-31,7.033506484287697
1990,2013-08-29,7.55171221535131
1991,2013-08-15,7.337587743538596
1992,2013-08-14,7.463363045520021
1993,2013-08-17,7.004881989712859
1994,2013-08-16,7.429520842786462
1995,2013-08-11,7.014814351275545
1996,2013-08-10,6.960347729101308
1997,2013-08-13,7.513163545234075
1998,2013-08-12,7.441906728051625
1999,2013-08-30,7.469654172932128
2000,2013-08-20,7.4342573821331355
2001,2013-08-21,7.501634457883413
2002,2013-08-22,7.484930283289661
2003,2013-08-23,7.40184157874383
2004,2013-08-24,6.97354301952014
2005,2013-08-25,6.9865664594064265
2006,2013-08-08,7.3987862754199485
2007,2013-08-09,7.475339236566737
2008,2013-08-06,7.440146680662688
2009,2013-08-07,7.5251007461258
2010,2013-08-04,7.061334366910438
2011,2013-08-05,7.416378479192928
2012,2013-08-02,7.527793987721444
2013,2013-08-03,7.138866999945524
2014,2013-08-01,7.471363088187097
2015,2013-09-09,7.527793987721444
2016,2013-09-22,7.283448228756631
2017,2013-09-21,7.215239978730097
2018,2013-09-20,7.643003635560718
2019,2013-09-27,7.829630389150193
2020,2013-09-26,7.905441649060286
2021,2013-09-25,7.906178840394815
2022,2013-09-24,7.912789220690681
2023,2013-09-01,6.983789965258135
2024,2013-09-03,7.532088143541722
2025,2013-09-02,7.358193752733032
2026,2013-09-05,7.571473648851271
2027,2013-09-04,7.595889917718538
2028,2013-09-07,6.981934677156389
2029,2013-09-06,7.524021415206125
2030,2013-09-28,7.443078374348516
2031,2013-09-30,8.0507033814703
2032,2013-09-18,7.631916513071252
2033,2013-09-19,7.765569081097317
2034,2013-09-12,7.6128310304073565
2035,2013-09-13,7.614805364711073
2036,2013-09-10,7.628031126930335
2037,2013-09-11,7.5688956634069955
2038,2013-09-16,7.598399329323964
2039,2013-09-17,7.617267813628347
2040,2013-09-14,7.118826249062078
2041,2013-09-15,7.180069874302796
2042,2013-09-23,7.88344635413774
2043,2013-09-08,7.039660349862076
2044,2013-09-29,7.655864017616056
2045,2013-10-23,7.580699752224563
2046,2013-10-22,7.608374474380783
2047,2013-10-07,7.605890001053122
2048,2013-10-06,7.226936018493289
2049,2013-10-05,7.241366283322318
2050,2013-10-04,7.552762084214147
2051,2013-10-03,7.653969180478774
2052,2013-10-02,7.667158255319148
2053,2013-10-01,7.872836175025724
2054,2013-10-25,7.506042178518122
2055,2013-10-24,7.594381242551817
2056,2013-10-27,7.086737934510577
2057,2013-10-26,7.004881989712859
2058,2013-10-21,7.545918151209323
2059,2013-10-20,7.504942068396171
2060,2013-10-09,7.649692623711514
2061,2013-10-08,7.6487397889562425
2062,2013-10-29,7.590852123688581
2063,2013-10-28,7.55171221535131
2064,2013-10-10,7.637234388789473
2065,2013-10-11,7.4977617006225685
2066,2013-10-12,7.080867896690782
2067,2013-10-13,7.102499355774649
2068,2013-10-14,7.461065514354283
2069,2013-10-15,7.537430036586509
2070,2013-10-16,7.519692404116539
2071,2013-10-17,7.546974117516527
2072,2013-10-18,7.462214939768189
2073,2013-10-19,7.01211529430638
2074,2013-10-30,7.562681246721884
2075,2013-10-31,7.503289630675082
2076,2013-11-24,7.179307969504034
2077,2013-11-28,7.513163545234075
2078,2013-11-29,7.602401335665818
2079,2013-11-08,7.470224135899966
2080,2013-11-09,7.122059881629142
2081,2013-11-22,7.561121589530238
2082,2013-11-05,7.620214770574455
2083,2013-11-20,7.56734567601324
2084,2013-11-21,7.634820677745543
2085,2013-11-26,7.630946580890459
2086,2013-11-01,7.40184157874383
2087,2013-11-02,7.01301578963963
2088,2013-11-03,6.981934677156389
2089,2013-11-25,7.596392304064196
2090,2013-11-04,7.479299637782834
2091,2013-11-23,7.194436851100335
2092,2013-11-06,7.680637427560936
2093,2013-11-07,7.52131798019924
2094,2013-11-27,7.569411792450712
2095,2013-11-13,7.615791072035833
2096,2013-11-12,7.604396348796338
2097,2013-11-11,7.534228326274089
2098,2013-11-10,7.148345743900068
2099,2013-11-17,7.338238150065589
2100,2013-11-16,7.201916317531627
2101,2013-11-15,7.569927655242652
2102,2013-11-14,7.638679823876112
2103,2013-11-30,7.325807502595773
2104,2013-11-19,7.572502985020384
2105,2013-11-18,7.583247524303362
2106,2013-12-29,7.004881989712859
2107,2013-12-28,7.037905963447182
2108,2013-12-23,7.331714969726466
2109,2013-12-22,6.981934677156389
2110,2013-12-21,7.090076835776092
2111,2013-12-20,7.3938782901077555
2112,2013-12-27,7.27931883541462
2113,2013-12-26,7.32052696227274
2114,2013-12-25,7.040536390215956
2115,2013-12-24,7.1808311990445555
2116,2013-12-01,7.307202314764738
2117,2013-12-03,7.65491704784832
2118,2013-12-02,7.618742377670413
2119,2013-12-05,7.681099001536359
2120,2013-12-04,7.804251383528112
2121,2013-12-07,7.349230824613334
2122,2013-12-06,7.6787889981991535
2123,2013-12-09,7.667158255319148
2124,2013-12-08,7.335633981927201
2125,2013-12-31,7.226209010100671
2126,2013-12-30,7.343426229147367
2127,2013-12-12,7.6624678152002375
2128,2013-12-13,7.604396348796338
2129,2013-12-10,7.735870319952567
2130,2013-12-11,7.757051142032013
2131,2013-12-16,7.65728279297819
2132,2013-12-17,7.7306140660637395
2133,2013-12-14,7.322510433997394
2134,2013-12-15,7.199678345691172
2135,2013-12-18,7.634820677745543
2136,2013-12-19,7.5745584842024805
2137,2014-01-15,7.893945138235959
2138,2014-01-14,7.92443418488756
2139,2014-01-17,7.809135398120538
2140,2014-01-16,7.913521017283895
2141,2014-01-11,7.562161631225652
2142,2014-01-10,7.85748078694253
2143,2014-01-13,7.940939762327791
2144,2014-01-12,7.736743682453495
2145,2014-01-19,7.356918242356021
2146,2014-01-18,7.3343293503005365
2147,2014-01-28,7.894690850425624
2148,2014-01-29,7.903596289614301
2149,2014-01-20,7.7651449029361315
2150,2014-01-21,7.844240718141811
2151,2014-01-22,7.896924656268864
2152,2014-01-23,7.898782356970309
2153,2014-01-24,7.809135398120538
2154,2014-01-25,7.343426229147367
2155,2014-01-26,7.365180126021013
2156,2014-01-27,7.877017895622398
2157,2014-01-07,7.987864096085687
2158,2014-01-04,7.140453043101158
2159,2014-01-05,5.3981627015177525
2160,2014-01-02,7.475905969367397
2161,2014-01-03,7.515344571180436
2162,2014-01-01,6.918695219020472
2163,2014-01-08,7.982757702011113
2164,2014-01-09,7.88344635413774
2165,2014-01-31,7.737616282857904
2166,2014-01-30,7.841099765422119
2167,2014-02-23,7.3031700512368
2168,2014-02-07,7.824046010856292
2169,2014-02-06,7.883069351305753
2170,2014-02-05,7.918264686095274
2171,2014-02-04,7.900266036767701
2172,2014-02-03,7.8399193600125825
2173,2014-02-02,7.539027055823995
2174,2014-02-01,7.438383530044307
2175,2014-02-25,7.904703913873747
2176,2014-02-24,7.808729306744399
2177,2014-02-27,7.865187954187467
2178,2014-02-26,7.844632644464681
2179,2014-02-21,7.761744984658913
2180,2014-02-20,7.8713112033234065
2181,2014-02-09,7.485491608030754
2182,2014-02-22,7.355641102974253
2183,2014-02-28,7.763021309018518
2184,2014-02-10,7.828436359157585
2185,2014-02-11,7.899153483343097
2186,2014-02-12,7.86940171257709
2187,2014-02-13,7.842278779117352
2188,2014-02-14,7.669495251007694
2189,2014-02-15,7.303843225277705
2190,2014-02-16,7.365812837209472
2191,2014-02-17,7.787796878181171
2192,2014-02-18,7.813187267521416
2193,2014-02-19,7.81237820598861
2194,2014-02-08,7.346655163176539
2195,2014-03-13,7.836369760545124
2196,2014-03-12,7.869019376499023
2197,2014-03-11,7.8551570058813445
2198,2014-03-10,7.825644732219989
2199,2014-03-17,7.803843303538772
2200,2014-03-16,7.3864708488298945
2201,2014-03-15,7.344719054149673
2202,2014-03-14,7.741967899820685
2203,2014-03-31,7.75833346749091
2204,2014-03-30,7.331714969726466
2205,2014-03-19,7.88344635413774
2206,2014-03-18,7.860956364876389
2207,2014-03-29,7.31455283232408
2208,2014-03-22,7.333676395657684
2209,2014-03-23,7.400009517162692
2210,2014-03-20,7.88193748927207
2211,2014-03-28,7.798112628829788
2212,2014-03-21,7.771488760117616
2213,2014-03-08,7.368970402194793
2214,2014-03-09,7.383989457978509
2215,2014-03-04,7.805882040228621
2216,2014-03-05,7.920446505142607
2217,2014-03-06,7.8636512654486515
2218,2014-03-07,7.80954132465341
2219,2014-03-26,7.899153483343097
2220,2014-03-01,7.38770923908104
2221,2014-03-02,7.340186835320115
2222,2014-03-03,7.814803429489359
2223,2014-03-24,7.949797216161852
2224,2014-03-25,8.00903068506973
2225,2014-03-27,7.837948916025283
2226,2014-04-30,7.943782692458625
2227,2014-04-16,7.86403565907245
2228,2014-04-17,7.80710329012598
2229,2014-04-14,7.988882253309227
2230,2014-04-15,7.936660155225426
2231,2014-04-12,7.543273346705446
2232,2014-04-13,7.755338812846501
2233,2014-04-10,7.9966538754626075
2234,2014-04-11,7.8713112033234065
2235,2014-04-18,7.545389749611823
2236,2014-04-19,7.334981878871814
2237,2014-04-29,7.81923445385907
2238,2014-04-28,7.7702232041587855
2239,2014-04-27,7.334981878871814
2240,2014-04-26,7.329749689041512
2241,2014-04-25,7.757906208351747
2242,2014-04-24,7.771910256435763
2243,2014-04-23,7.829232537543592
2244,2014-04-22,7.802618063442671
2245,2014-04-21,7.618742377670413
2246,2014-04-20,7.298445101508147
2247,2014-04-05,7.3901814282264295
2248,2014-04-04,7.818430272070656
2249,2014-04-07,7.940227765145702
2250,2014-04-06,7.368339686311381
2251,2014-04-01,7.826044013518965
2252,2014-04-03,7.89989532313973
2253,2014-04-02,7.899153483343097
2254,2014-04-09,7.96311205897929
2255,2014-04-08,8.054522609537294
2256,2014-05-27,7.832014180505469
2257,2014-05-06,7.984462732262196
2258,2014-05-21,7.866722285136729
2259,2014-05-22,7.933079771880415
2260,2014-05-23,7.835974581721566
2261,2014-05-19,7.739794458408701
2262,2014-05-18,7.332369205929062
2263,2014-05-31,7.265429723253953
2264,2014-05-30,7.718685495198466
2265,2014-05-11,7.725771441587952
2266,2014-05-10,7.506042178518122
2267,2014-05-13,7.921898411023797
2268,2014-05-12,7.926602599181384
2269,2014-05-15,7.876638460975463
2270,2014-05-14,7.898039690764619
2271,2014-05-17,7.226936018493289
2272,2014-05-16,7.693025748417888
2273,2014-05-08,7.893198869544609
2274,2014-05-09,7.822044008185619
2275,2014-05-28,7.889459149404524
2276,2014-05-29,7.801800401908973
2277,2014-05-02,7.733245646529795
2278,2014-05-03,7.356279876550748
2279,2014-05-26,7.667158255319148
2280,2014-05-01,7.699389406256737
2281,2014-05-20,7.773173680482536
2282,2014-05-07,7.897668150726906
2283,2014-05-04,7.470793774195062
2284,2014-05-05,7.762596048540069
2285,2014-05-24,7.305860032684009
2286,2014-05-25,7.3783837129967145
2287,2014-06-14,7.221835825288449
2288,2014-06-15,7.204892510204673
2289,2014-06-16,7.761744984658913
2290,2014-06-17,7.824046010856292
2291,2014-06-10,7.896924656268864
2292,2014-06-11,7.846198815497425
2293,2014-06-12,7.853993087224244
2294,2014-06-13,7.679713639966372
2295,2014-06-18,7.917536353943631
2296,2014-06-19,7.81237820598861
2297,2014-06-09,7.873217054862741
2298,2014-06-08,7.676473646389156
2299,2014-06-03,7.9599745280805365
2300,2014-06-02,7.805882040228621
2301,2014-06-01,7.317876198626496
2302,2014-06-07,7.428927194802272
2303,2014-06-06,7.847762537473608
2304,2014-06-05,7.892452043520352
2305,2014-06-04,7.92443418488756
2306,2014-06-21,7.257002707092073
2307,2014-06-20,7.670428522190693
2308,2014-06-23,7.761319180947987
2309,2014-06-22,7.175489713624222
2310,2014-06-25,7.993619994827744
2311,2014-06-24,7.796469243086058
2312,2014-06-27,7.789040401657477
2313,2014-06-26,7.812782818577581
2314,2014-06-29,7.524021415206125
2315,2014-06-28,7.294377299288821
2316,2014-06-30,7.893572073504902
2317,2014-07-17,7.923710333969238
2318,2014-07-16,7.893572073504902
2319,2014-07-15,7.9996785794994505
2320,2014-07-14,7.983098940710892
2321,2014-07-13,7.572502985020384
2322,2014-07-12,7.506591780070841
2323,2014-07-11,7.892452043520352
2324,2014-07-10,7.9208096792886
2325,2014-07-31,7.741967899820685
2326,2014-07-30,7.789040401657477
2327,2014-07-19,7.226209010100671
2328,2014-07-18,7.77485576666552
2329,2014-07-28,7.813187267521416
2330,2014-07-29,7.806289289267033
2331,2014-07-26,8.461891875631148
2332,2014-07-27,7.239214973779806
2333,2014-07-01,7.813995675002791
2334,2014-07-02,7.854381210652365
2335,2014-07-03,7.91644286012226
2336,2014-07-04,7.656337166430183
2337,2014-07-05,7.157735484249907
2338,2014-07-06,7.272398392570047
2339,2014-07-07,7.865955413933502
2340,2014-07-08,8.026496938945412
2341,2014-07-09,7.9291264873067995
2342,2014-07-24,7.826044013518965
2343,2014-07-25,7.693481640835175
2344,2014-07-22,7.8160138391590275
2345,2014-07-23,7.809135398120538
2346,2014-07-20,7.31986492980897
2347,2014-07-21,7.8628820346414905
2348,2014-08-30,7.364547014255642
2349,2014-08-31,7.333023014386481
2350,2014-08-09,7.558516743045645
2351,2014-08-08,7.896924656268864
2352,2014-08-21,7.8328075165248645
2353,2014-08-20,7.85748078694253
2354,2014-08-27,7.784473235736469
2355,2014-08-26,7.945555428253489
2356,2014-08-25,7.900266036767701
2357,2014-08-24,7.299797366758161
2358,2014-08-01,7.660114319173928
2359,2014-08-03,7.206377291472252
2360,2014-08-02,7.302496423727326
2361,2014-08-05,7.918264686095274
2362,2014-08-04,7.787796878181171
2363,2014-08-07,7.951559331155252
2364,2014-08-06,7.884199933676039
2365,2014-08-23,7.32052696227274
2366,2014-08-22,7.736307096548285
2367,2014-08-18,7.795646536334594
2368,2014-08-19,7.861341795599989
2369,2014-08-12,7.913886714856082
2370,2014-08-13,7.968665700466235
2371,2014-08-10,7.703459047867175
2372,2014-08-11,7.981049759665957
2373,2014-08-16,7.241366283322318
2374,2014-08-17,7.31986492980897
2375,2014-08-14,7.8961806086154915
2376,2014-08-15,7.78155595923534
2377,2014-08-29,7.786967002614872
2378,2014-09-19,8.153061946801051
2379,2014-09-18,8.15248607578024
2380,2014-09-30,7.923348211930154
2381,2014-09-15,8.137980454452139
2382,2014-09-14,7.699389406256737
2383,2014-09-17,8.184513753033722
2384,2014-09-16,8.17103418920548
2385,2014-09-11,8.23323750070527
2386,2014-09-10,8.178077463849608
2387,2014-09-13,7.769800996003896
2388,2014-09-12,8.087025470667701
2389,2014-09-26,7.828834527588089
2390,2014-09-20,7.484930283289661
2391,2014-09-21,7.536363938404511
2392,2014-09-22,7.982416346827733
2393,2014-09-23,8.063377822367027
2394,2014-09-24,8.081475040137052
2395,2014-09-25,8.010359588919783
2396,2014-09-08,8.159946655578548
2397,2014-09-09,8.163086375583216
2398,2014-09-06,7.674617497364363
2399,2014-09-07,7.8399193600125825
2400,2014-09-04,8.046229101075378
2401,2014-09-05,8.066835314417336
2402,2014-09-02,8.021584533455107
2403,2014-09-03,8.083328608786376
2404,2014-09-01,7.754052639035757
2405,2014-09-28,7.452402451223638
2406,2014-09-27,7.307202314764738
2407,2014-09-29,7.914252278742441
2408,2014-10-01,7.902487437162855
2409,2014-10-02,7.91644286012226
2410,2014-10-03,7.788211557847076
2411,2014-10-04,7.318539548567902
2412,2014-10-05,7.392031567514591
2413,2014-10-06,7.876258882303226
2414,2014-10-07,7.9909154630913255
2415,2014-10-08,8.103191752285786
2416,2014-10-09,8.03073492409854
2417,2014-10-24,7.7458682297922685
2418,2014-10-25,7.304515946460155
2419,2014-10-22,7.846980982138788
2420,2014-10-23,7.787382026484701
2421,2014-10-20,7.868254265520613
2422,2014-10-21,7.866722285136729
2423,2014-10-28,7.865187954187467
2424,2014-10-29,7.923710333969238
2425,2014-10-26,7.373374309910049
2426,2014-10-27,7.809135398120538
2427,2014-10-17,7.784473235736469
2428,2014-10-16,7.8632667240095735
2429,2014-10-15,7.9617188159813645
2430,2014-10-14,8.10711747075039
2431,2014-10-13,8.019283792916793
2432,2014-10-12,7.675546002537848
2433,2014-10-11,7.845416036592485
2434,2014-10-10,7.9665866976384025
2435,2014-10-31,7.7266536648476425
2436,2014-10-30,7.846589975291186
2437,2014-10-19,7.349230824613334
2438,2014-10-18,7.324489979348532
2439,2014-11-21,8.031060180240619
2440,2014-11-20,7.966239776559467
2441,2014-11-23,7.452402451223638
2442,2014-11-22,7.40184157874383
2443,2014-11-25,8.006367567650246
2444,2014-11-24,7.9714309977693505
2445,2014-11-27,7.687080155783135
2446,2014-11-26,7.926241523170962
2447,2014-11-29,7.372118028337787
2448,2014-11-28,7.698029170272805
2449,2014-11-30,7.144407180321139
2450,2014-11-14,7.820037989458753
2451,2014-11-15,7.503289630675082
2452,2014-11-16,7.682021510826875
2453,2014-11-17,8.178919332848396
2454,2014-11-10,7.932362154339751
2455,2014-11-11,7.994632311431825
2456,2014-11-12,7.9157131993821155
2457,2014-11-13,7.933438387627489
2458,2014-11-18,8.027476530860483
2459,2014-11-19,7.902487437162855
2460,2014-11-09,7.5480289699350145
2461,2014-11-08,7.443663683115591
2462,2014-11-03,7.891330757661889
2463,2014-11-02,7.305860032684009
2464,2014-11-01,7.3098814858247865
2465,2014-11-07,7.81762544305337
2466,2014-11-06,7.942362237674335
2467,2014-11-05,7.962415680121064
2468,2014-11-04,7.924072324923417
2469,2014-12-27,7.045776576879511
2470,2014-12-20,7.356279876550748
2471,2014-12-21,7.31986492980897
2472,2014-12-04,8.043020885298283
2473,2014-12-23,7.591357046698551
2474,2014-12-08,8.041412909393047
2475,2014-12-09,7.994969522697877
2476,2014-12-28,7.270312886079025
2477,2014-12-29,7.534762657037537
2478,2014-12-02,8.061486866871327
2479,2014-12-03,8.074649075066652
2480,2014-12-26,7.1569563646156364
2481,2014-12-01,8.006700845440367
2482,2014-12-06,8.92757950384347
2483,2014-12-07,7.671360923190644
2484,2014-12-22,7.756195343948118
2485,2014-12-05,7.895436006942965
2486,2014-12-19,7.643003635560718
2487,2014-12-18,7.933438387627489
2488,2014-12-31,7.292337176173877
2489,2014-12-30,7.5822291942764615
2490,2014-12-11,7.916078096302786
2491,2014-12-10,7.908754738783246
2492,2014-12-13,7.2254814727822945
2493,2014-12-12,7.796469243086058
2494,2014-12-15,7.793174347189205
2495,2014-12-14,7.275864600546533
2496,2014-12-17,7.81237820598861
2497,2014-12-16,7.795646536334594
2498,2014-12-24,7.290292882446597
2499,2014-12-25,6.962243464266207
2500,2015-01-18,7.416979621381154
2501,2015-01-19,8.105911197986508
2502,2015-01-10,7.4999765409521215
2503,2015-01-11,7.687080155783135
2504,2015-01-12,8.104703468371108
2505,2015-01-13,8.164510268747042
2506,2015-01-14,8.067149039910106
2507,2015-01-15,8.073091199693154
2508,2015-01-16,7.936660155225426
2509,2015-01-17,7.330405211844402
2510,2015-01-30,8.007700012884026
2511,2015-01-31,7.172424577124845
2512,2015-01-09,7.949091499830517
2513,2015-01-08,8.024862150286411
2514,2015-01-07,8.035926369891792
2515,2015-01-06,8.079308192051961
2516,2015-01-05,7.930925372483388
2517,2015-01-04,7.326465613840322
2518,2015-01-03,7.23561914106675
2519,2015-01-02,7.416979621381154
2520,2015-01-01,7.00397413672268
2521,2015-01-25,7.759187438507795
2522,2015-01-24,7.7025561132685825
2523,2015-01-27,8.328934041955529
2524,2015-01-26,8.202208436436448
2525,2015-01-21,8.097426298597213
2526,2015-01-20,8.134174272137903
2527,2015-01-23,8.163656176168432
2528,2015-01-22,8.068402958569699
2529,2015-01-29,8.08394570229562
2530,2015-01-28,8.1797604936999
2531,2015-02-28,7.425357887027151
2532,2015-02-20,7.854381210652365
2533,2015-02-21,7.333676395657684
2534,2015-02-22,7.440733707389261
2535,2015-02-23,8.000684784514748
2536,2015-02-24,8.087332926473351
2537,2015-02-25,8.026823576217629
2538,2015-02-08,7.798112628829788
2539,2015-02-09,8.120886021092838
2540,2015-02-06,8.01862546504575
2541,2015-02-07,7.591861714889934
2542,2015-02-04,8.13593277200489
2543,2015-02-02,8.069029328774958
2544,2015-02-03,8.139148678884066
2545,2015-02-01,7.382124365737512
2546,2015-02-26,7.888334500738654
2547,2015-02-19,8.044305406990638
2548,2015-02-18,8.017307507688582
2549,2015-02-15,7.346010209913293
2550,2015-02-14,7.319202458767849
2551,2015-02-17,7.936660155225426
2552,2015-02-16,7.846589975291186
2553,2015-02-11,8.105609402299896
2554,2015-02-10,8.123261319121745
2555,2015-02-13,7.939515260662406
2556,2015-02-12,8.147867129923947
2557,2015-02-27,7.8713112033234065
2558,2015-03-28,7.238496840894365
2559,2015-03-30,7.958576903813898
2560,2015-03-31,8.000014093678072
2561,2015-03-18,8.003363058629947
2562,2015-03-19,7.943427767876373
2563,2015-03-12,8.014996894348302
2564,2015-03-13,7.9017475185201445
2565,2015-03-10,8.126222529458525
2566,2015-03-11,8.095293776844649
2567,2015-03-16,7.9672801789422
2568,2015-03-17,8.002359546252707
2569,2015-03-14,7.351799869057777
2570,2015-03-15,7.396948602621014
2571,2015-03-23,7.977625098784593
2572,2015-03-22,7.355641102974253
2573,2015-03-09,8.078688229229872
2574,2015-03-08,7.731053144007127
2575,2015-03-21,7.300472814267799
2576,2015-03-20,7.879669914604289
2577,2015-03-27,7.894690850425624
2578,2015-03-26,7.895063498091573
2579,2015-03-25,8.019941687677365
2580,2015-03-24,7.944846711001996
2581,2015-03-01,7.454719949364001
2582,2015-03-03,8.15162164696975
2583,2015-03-02,8.014004994779459
2584,2015-03-05,7.973844375944687
2585,2015-03-04,8.07558263667172
2586,2015-03-07,7.669028288589683
2587,2015-03-06,7.9658927350845286
2588,2015-03-29,7.3310603052186325
2589,2015-04-30,7.9854843567338225
2590,2015-04-08,8.19891444498699
2591,2015-04-09,8.116417072794205
2592,2015-04-01,7.8551570058813445
2593,2015-04-02,7.831617276352611
2594,2015-04-03,7.739359202689098
2595,2015-04-04,7.365180126021013
2596,2015-04-05,7.232733136177615
2597,2015-04-06,7.932721027481948
2598,2015-04-07,8.24143968982973
2599,2015-04-26,7.396948602621014
2600,2015-04-27,7.952615111651
2601,2015-04-24,7.920083199053234
2602,2015-04-25,7.300472814267799
2603,2015-04-22,7.982416346827733
2604,2015-04-23,7.942717540573791
2605,2015-04-20,8.09437844497296
2606,2015-04-21,8.01862546504575
2607,2015-04-28,8.037543185118697
2608,2015-04-29,9.05753878171822
2609,2015-04-19,7.476472381163905
2610,2015-04-18,7.421775793644647
2611,2015-04-17,7.871692664323645
2612,2015-04-16,8.038834757787749
2613,2015-04-15,8.001689978099135
2614,2015-04-14,8.034306936339489
2615,2015-04-13,8.17413934342947
2616,2015-04-12,7.796880342783522
2617,2015-04-11,7.725330037917135
2618,2015-04-10,8.048149101665201
2619,2015-05-03,7.325148957955575
2620,2015-05-02,7.316548177182976
2621,2015-05-01,7.707062655370473
2622,2015-05-07,8.045908742270779
2623,2015-05-06,8.163371316459912
2624,2015-05-05,8.153925132007862
2625,2015-05-04,7.999342952713282
2626,2015-05-21,7.964155718840937
2627,2015-05-20,7.99598047476376
2628,2015-05-09,7.484930283289661
2629,2015-05-08,7.971776122880628
2630,2015-05-25,7.6760099320288875
2631,2015-05-24,7.370860166536716
2632,2015-05-27,8.160803920954665
2633,2015-05-26,7.932003152361385
2634,2015-05-28,8.006700845440367
2635,2015-05-31,7.394493107219038
2636,2015-05-23,7.259819610363186
2637,2015-05-22,7.845024417241484
2638,2015-05-18,7.97522083865341
2639,2015-05-19,8.028781162487148
2640,2015-05-14,7.981049759665957
2641,2015-05-15,7.899524472032198
2642,2015-05-16,7.403061091090091
2643,2015-05-17,7.461640392208575
2644,2015-05-10,7.682021510826875
2645,2015-05-11,8.080546965824498
2646,2015-05-12,8.057694194815587
2647,2015-05-13,8.029758520440822
2648,2015-05-30,7.372118028337787
2649,2015-05-29,7.884576510596324
2650,2015-06-27,7.147559271189454
2651,2015-06-24,7.205635176410364
2652,2015-06-25,7.107425474110705
2653,2015-06-30,7.9817332866918855
2654,2015-06-11,7.993619994827744
2655,2015-06-10,7.965198290612176
2656,2015-06-13,7.162397497355718
2657,2015-06-12,7.762170607138205
2658,2015-06-15,7.895063498091573
2659,2015-06-14,7.2399325913204695
2660,2015-06-17,7.685243607975833
2661,2015-06-16,7.9672801789422
2662,2015-06-19,7.379008127628304
2663,2015-06-06,7.478169694159785
2664,2015-06-07,7.664815785285735
2665,2015-06-04,8.056426767522984
2666,2015-06-23,6.877296071497429
2667,2015-06-18,7.590852123688581
2668,2015-06-02,8.127699852817772
2669,2015-06-03,8.026170194946426
2670,2015-06-26,7.2991214627108
2671,2015-06-01,8.019283792916793
2672,2015-06-20,6.363028103540465
2673,2015-06-21,5.908082938168931
2674,2015-06-22,6.633318433280377
2675,2015-06-05,7.959625305098115
2676,2015-06-08,8.092851027538384
2677,2015-06-09,8.031060180240619
2678,2015-06-28,7.20934025660291
2679,2015-06-29,7.889084407035514
2680,2015-07-30,8.021584533455107
2681,2015-07-31,7.8343923029104365
2682,2015-07-18,7.117205503164344
2683,2015-07-19,7.121252453244542
2684,2015-07-16,7.885329239273191
2685,2015-07-17,7.751045117971802
2686,2015-07-14,7.934513463882263
2687,2015-07-15,7.965198290612176
2688,2015-07-12,7.463936604468925
2689,2015-07-13,7.96102146588337
2690,2015-07-10,7.821643126239982
2691,2015-07-11,7.237778191923443
2692,2015-07-29,8.058327306580958
2693,2015-07-28,8.124743020385568
2694,2015-07-27,8.15908865466791
2695,2015-07-26,7.454141078146678
2696,2015-07-25,7.431299675155903
2697,2015-07-24,7.894318063841624
2698,2015-07-09,7.936302693201959
2699,2015-07-22,7.96693349840484
2700,2015-07-21,8.043984431221553
2701,2015-07-20,7.905072849498666
2702,2015-07-05,7.152268856032539
2703,2015-07-04,7.142827401161621
2704,2015-07-07,8.032035314398824
2705,2015-07-06,7.98514393119862
2706,2015-07-01,8.150756470275551
2707,2015-07-03,7.721791776817535
2708,2015-07-02,8.057694194815587
2709,2015-07-23,7.9617188159813645
2710,2015-07-08,7.977625098784593
2711,2015-08-31,8.037220031133012
2712,2015-08-28,7.859413154693583
2713,2015-08-29,7.202661196523238
2714,2015-08-08,7.3987862754199485
2715,2015-08-09,7.553286605600419
2716,2015-08-04,8.208764045819667
2717,2015-08-05,8.236950048061455
2718,2015-08-06,8.083328608786376
2719,2015-08-07,8.00202481821611
2720,2015-08-26,8.058327306580958
2721,2015-08-01,7.217443431696533
2722,2015-08-02,7.275172319452771
2723,2015-08-03,7.799753318287247
2724,2015-08-22,7.297091005160418
2725,2015-08-23,7.307872780763706
2726,2015-08-20,7.978310969867722
2727,2015-08-13,7.943072717277933
2728,2015-08-12,7.964155718840937
2729,2015-08-11,7.989221408815276
2730,2015-08-10,7.980707820869669
2731,2015-08-17,7.904703913873747
2732,2015-08-16,7.311886164077165
2733,2015-08-15,7.223295679562314
2734,2015-08-14,7.729735331385051
2735,2015-08-21,7.787796878181171
2736,2015-08-30,7.285506548522785
2737,2015-08-19,8.016317898503415
2738,2015-08-18,8.052296499538647
2739,2015-08-27,8.025843344150903
2740,2015-08-24,7.988542982737695
2741,2015-08-25,8.09925056179696
2742,2015-09-10,8.058960017769417
2743,2015-09-11,8.039802343736485
2744,2015-09-12,7.40184157874383
2745,2015-09-13,7.562161631225652
2746,2015-09-14,8.150467911624004
2747,2015-09-15,8.078067881815437
2748,2015-09-16,7.81237820598861
2749,2015-09-17,7.9854843567338225
2750,2015-09-18,7.914983005848394
2751,2015-09-19,7.360739903058278
2752,2015-09-30,8.106514516255185
2753,2015-09-28,8.022240916806537
2754,2015-09-29,8.049746290952191
2755,2015-09-24,7.99260665240021
2756,2015-09-26,7.284820912568604
2757,2015-09-07,7.808729306744399
2758,2015-09-06,7.298445101508147
2759,2015-09-05,7.2485040723706105
2760,2015-09-04,7.837159650001675
2761,2015-09-03,8.069342366811636
2762,2015-09-02,8.068402958569699
2763,2015-09-01,8.03365842788615
2764,2015-09-25,7.88193748927207
2765,2015-09-23,8.057377488557991
2766,2015-09-27,7.344072850573066
2767,2015-09-08,8.031060180240619
2768,2015-09-21,8.000684784514748
2769,2015-09-20,7.388327859577107
2770,2015-09-09,8.14351740579748
2771,2015-09-22,8.020927718981577
2772,2015-10-16,7.939871576361883
2773,2015-10-17,7.374001859350161
2774,2015-10-14,8.077136638538454
2775,2015-10-15,8.071218539969863
2776,2015-10-13,8.055157731819678
2777,2015-10-10,7.417580402414544
2778,2015-10-11,7.4999765409521215
2779,2015-10-18,7.45298232946546
2780,2015-10-19,7.992944547318106
2781,2015-10-29,8.087640287778983
2782,2015-10-28,8.03398273468322
2783,2015-10-27,8.028781162487148
2784,2015-10-26,8.061486866871327
2785,2015-10-25,7.385851078125209
2786,2015-10-24,7.264730177929867
2787,2015-10-23,7.818027938530729
2788,2015-10-22,7.8156105320351905
2789,2015-10-21,7.946263643580541
2790,2015-10-20,7.984121958702927
2791,2015-10-05,7.964850887447313
2792,2015-10-04,7.312553498102598
2793,2015-10-07,8.097730573664219
2794,2015-10-06,8.217978203150732
2795,2015-10-01,7.997326822998097
2796,2015-10-03,7.269616749608169
2797,2015-10-02,7.8399193600125825
2798,2015-10-09,7.946263643580541
2799,2015-10-08,8.08794755464267
2800,2015-10-30,7.89655270164304
2801,2015-10-31,7.29505641646263
2802,2015-11-19,7.987184748233473
2803,2015-11-18,8.10892415597534
2804,2015-11-30,7.88193748927207
2805,2015-11-25,7.830425617820331
2806,2015-11-11,7.843848638152472
2807,2015-11-10,7.907651594711089
2808,2015-11-13,7.860956364876389
2809,2015-11-12,8.026823576217629
2810,2015-11-15,7.311886164077165
2811,2015-11-14,7.251344983372214
2812,2015-11-17,7.9966538754626075
2813,2015-11-16,7.897668150726906
2814,2015-11-27,7.585281078639126
2815,2015-11-06,7.920083199053234
2816,2015-11-07,7.472500744737558
2817,2015-11-04,8.044305406990638
2818,2015-11-23,7.9391588179567965
2819,2015-11-08,7.459914766241105
2820,2015-11-09,7.967973179662935
2821,2015-11-28,7.2078598714324755
2822,2015-11-29,7.289610521451167
2823,2015-11-02,7.970740390007095
2824,2015-11-03,8.053251153549096
2825,2015-11-26,7.7284157798410416
2826,2015-11-01,7.305860032684009
2827,2015-11-20,7.809135398120538
2828,2015-11-21,7.30854279753919
2829,2015-11-22,7.416378479192928
2830,2015-11-05,8.052933036797567
2831,2015-11-24,7.893945138235959
2832,2015-12-09,7.94873845481361
2833,2015-12-08,7.969357742016346
2834,2015-12-03,7.8713112033234065
2835,2015-12-02,7.908019444632471
2836,2015-12-01,7.952615111651
2837,2015-12-07,7.92588031673756
2838,2015-12-06,7.292337176173877
2839,2015-12-05,7.237059026124737
2840,2015-12-04,7.771488760117616
2841,2015-12-21,7.708410667257367
2842,2015-12-20,7.126890808898808
2843,2015-12-23,7.600902459542082
2844,2015-12-22,7.725771441587952
2845,2015-12-25,6.960347729101308
2846,2015-12-24,7.313220387090301
2847,2015-12-27,7.040536390215956
2848,2015-12-26,7.047517221357296
2849,2015-12-29,7.604396348796338
2850,2015-12-28,7.564238475170491
2851,2015-12-30,7.6128310304073565
2852,2015-12-31,7.236339342754344
2853,2015-12-14,8.237479288613633
2854,2015-12-15,7.981049759665957
2855,2015-12-16,8.016977746762262
2856,2015-12-17,7.9102237070973445
2857,2015-12-10,7.932362154339751
2858,2015-12-11,7.834788107388194
2859,2015-12-12,7.360103972989152
2860,2015-12-13,7.4798641311650265
2861,2015-12-18,7.7651449029361315
2862,2015-12-19,7.220373836723949
